Asc_time; x; y; button; dx; dy; pace; Action
2021-06-30 18:33:31.277229; -185; -13;-; -; -;  -; moved
2021-06-30 18:33:31.292845; -186; -13;-; -; -; -64.03688524590164; moved
2021-06-30 18:33:31.308384; -186; -12;-; -; -; 0.0; moved
2021-06-30 18:33:31.324007; -186; -11;-; -; -; 21.377570652871007; moved
2021-06-30 18:33:31.324007; -186; -11;-; -; -; 21.377570652871007; moved
2021-06-30 18:33:31.339688; -188; -10;-; -; -; 0.0; moved
2021-06-30 18:33:31.339688; -188; -9;-; -; -; 16.010502889895772; moved
2021-06-30 18:33:31.386580; -188; -8;-; -; -; 18.289727574507776; moved
2021-06-30 18:33:31.386580; -189; -7;-; -; -; 18.289727574507776; moved
2021-06-30 18:33:31.386580; -190; -7;-; -; -; 9.144863787253888; moved
2021-06-30 18:33:31.402106; -190; -5;-; -; -; 24.023639261032855; moved
2021-06-30 18:33:31.402106; -190; -5;-; -; -; 24.023639261032855; moved
2021-06-30 18:33:31.402106; -190; -4;-; -; -; 32.031519014710476; moved
2021-06-30 18:33:31.417726; -191; -4;-; -; -; 21.35276909827256; moved
2021-06-30 18:33:31.417726; -191; -2;-; -; -; 35.587948497120934; moved
2021-06-30 18:33:31.433342; -191; -2;-; -; -; 32.02808222249268; moved
2021-06-30 18:33:31.433342; -191; -1;-; -; -; 38.43369866699122; moved
2021-06-30 18:33:31.433342; -192; -1;-; -; -; 32.02808222249268; moved
2021-06-30 18:33:31.433342; -192; 0;-; -; -; 38.43369866699122; moved
2021-06-30 18:33:31.448963; -192; 0;-; -; -; 34.937752570836295; moved
2021-06-30 18:33:31.448963; -193; 1;-; -; -; 23.291835047224197; moved
2021-06-30 18:33:31.464589; -193; 2;-; -; -; 16.01195559350982; moved
2021-06-30 18:33:31.464589; -193; 3;-; -; -; 10.67463706233988; moved
2021-06-30 18:33:31.480207; -193; 3;-; -; -; 9.853284592418884; moved
2021-06-30 18:33:31.480207; -194; 4;-; -; -; 0.0; moved
2021-06-30 18:33:31.495797; -194; 5;-; -; -; -4.575235167087588; moved
2021-06-30 18:33:31.511452; -194; 5;-; -; -; -4.269435537927531; moved
2021-06-30 18:33:31.511452; -194; 6;-; -; -; -8.538871075855061; moved
2021-06-30 18:33:31.511452; -194; 6;-; -; -; -8.538871075855061; moved
2021-06-30 18:33:31.511452; -195; 7;-; -; -; -17.077742151710122; moved
2021-06-30 18:33:31.527051; -195; 7;-; -; -; -16.011400116883223; moved
2021-06-30 18:33:31.527051; -195; 9;-; -; -; -24.01710017532483; moved
2021-06-30 18:33:31.542695; -195; 10;-; -; -; -26.368725185146122; moved
2021-06-30 18:33:31.542695; -195; 10;-; -; -; -26.368725185146122; moved
2021-06-30 18:33:31.558405; -195; 11;-; -; -; -28.45193046348195; moved
2021-06-30 18:33:31.558405; -196; 12;-; -; -; -35.564913079352436; moved
2021-06-30 18:33:31.605148; -196; 12;-; -; -; -30.49533573839881; moved
2021-06-30 18:33:31.620879; -196; 13;-; -; -; -32.0093117997963; moved
2021-06-30 18:33:31.620879; -196; 13;-; -; -; -32.0093117997963; moved
2021-06-30 18:33:31.620879; -196; 15;-; -; -; -37.82918667248654; moved
2021-06-30 18:33:31.620879; -197; 15;-; -; -; -40.73912410883166; moved
2021-06-30 18:33:31.636389; -198; 16;-; -; -; -44.54839068938635; moved
2021-06-30 18:33:31.636389; -198; 16;-; -; -; -44.54839068938635; moved
2021-06-30 18:33:31.636389; -198; 17;-; -; -; -47.332665107473; moved
2021-06-30 18:33:31.636389; -199; 18;-; -; -; -52.90121394364629; moved
2021-06-30 18:33:31.652046; -199; 19;-; -; -; -53.359372707214455; moved
2021-06-30 18:33:31.652046; -199; 19;-; -; -; -53.359372707214455; moved
2021-06-30 18:33:31.652046; -200; 20;-; -; -; -58.6953099779359; moved
2021-06-30 18:33:31.667631; -200; 21;-; -; -; -58.91363261458701; moved
2021-06-30 18:33:31.667631; -200; 21;-; -; -; -58.91363261458701; moved
2021-06-30 18:33:31.667631; -200; 23;-; -; -; -64.03655718976849; moved
2021-06-30 18:33:31.667631; -201; 23;-; -; -; -66.59801947735923; moved
2021-06-30 18:33:31.683283; -202; 25;-; -; -; -71.41907234013209; moved
2021-06-30 18:33:31.683283; -202; 26;-; -; -; -73.88179897255044; moved
2021-06-30 18:33:31.683283; -202; 26;-; -; -; -73.88179897255044; moved
2021-06-30 18:33:31.698989; -203; 27;-; -; -; -75.87253414264036; moved
2021-06-30 18:33:31.698989; -203; 28;-; -; -; -78.24355083459787; moved
2021-06-30 18:33:31.698989; -203; 29;-; -; -; -80.61456752655538; moved
2021-06-30 18:33:31.714622; -204; 29;-; -; -; -80.01957050067102; moved
2021-06-30 18:33:31.714622; -205; 31;-; -; -; -86.87839082929997; moved
2021-06-30 18:33:31.730117; -205; 31;-; -; -; -83.90595467312006; moved
2021-06-30 18:33:31.730117; -205; 32;-; -; -; -86.11400611188638; moved
2021-06-30 18:33:31.730117; -205; 32;-; -; -; -86.11400611188638; moved
2021-06-30 18:33:31.745855; -206; 33;-; -; -; -87.48981063790741; moved
2021-06-30 18:33:31.745855; -206; 33;-; -; -; -87.48981063790741; moved
2021-06-30 18:33:31.761478; -207; 35;-; -; -; -90.86234561145196; moved
2021-06-30 18:33:31.761478; -208; 36;-; -; -; -94.99245223015433; moved
2021-06-30 18:33:31.761478; -208; 37;-; -; -; -97.0575055395055; moved
2021-06-30 18:33:31.886445; -208; 37;-; -; -; -77.14833490912912; moved
2021-06-30 18:33:31.886445; -208; 38;-; -; -; -78.7897888433659; moved
2021-06-30 18:33:31.886445; -208; 38;-; -; -; -78.7897888433659; moved
2021-06-30 18:33:31.901993; -209; 40;-; -; -; -81.63082379906653; moved
2021-06-30 18:33:31.901993; -209; 40;-; -; -; -81.63082379906653; moved
2021-06-30 18:33:31.917688; -210; 41;-; -; -; -82.75315047489379; moved
2021-06-30 18:33:31.933237; -210; 41;-; -; -; -80.79169766222363; moved
2021-06-30 18:33:31.948921; -211; 42;-; -; -; -81.88276769709927; moved
2021-06-30 18:33:31.948921; -211; 43;-; -; -; -83.37154529159199; moved
2021-06-30 18:33:31.948921; -211; 44;-; -; -; -84.8603228860847; moved
2021-06-30 18:33:31.948921; -211; 44;-; -; -; -84.8603228860847; moved
2021-06-30 18:33:31.964442; -211; 45;-; -; -; -84.39886905515466; moved
2021-06-30 18:33:31.964442; -212; 45;-; -; -; -85.85402196989871; moved
2021-06-30 18:33:31.964442; -212; 46;-; -; -; -87.30917488464276; moved
2021-06-30 18:33:31.980100; -212; 47;-; -; -; -86.78690684350329; moved
2021-06-30 18:33:31.980100; -213; 48;-; -; -; -89.63237919902798; moved
2021-06-30 18:33:31.980100; -213; 48;-; -; -; -89.63237919902798; moved
2021-06-30 18:33:31.995709; -214; 49;-; -; -; -90.46876739783988; moved
2021-06-30 18:33:31.995709; -214; 49;-; -; -; -90.46876739783988; moved
2021-06-30 18:33:32.011433; -214; 50;-; -; -; -89.89327216958775; moved
2021-06-30 18:33:32.027047; -215; 51;-; -; -; -90.68867378483846; moved
2021-06-30 18:33:32.042670; -215; 51;-; -; -; -88.83767658121266; moved
2021-06-30 18:33:32.042670; -215; 52;-; -; -; -90.1441130015246; moved
2021-06-30 18:33:32.042670; -216; 52;-; -; -; -91.45054942183656; moved
2021-06-30 18:33:32.058185; -216; 54;-; -; -; -92.19469470751233; moved
2021-06-30 18:33:32.058185; -216; 54;-; -; -; -92.19469470751233; moved
2021-06-30 18:33:32.073915; -217; 55;-; -; -; -92.88477518118808; moved
2021-06-30 18:33:32.089447; -218; 56;-; -; -; -93.57093785166052; moved
2021-06-30 18:33:32.089447; -218; 56;-; -; -; -93.57093785166052; moved
2021-06-30 18:33:32.089447; -218; 57;-; -; -; -94.80213440234026; moved
2021-06-30 18:33:32.105029; -219; 58;-; -; -; -95.43367963276154; moved
2021-06-30 18:33:32.120779; -219; 58;-; -; -; -93.65182858158971; moved
2021-06-30 18:33:32.120779; -220; 59;-; -; -; -96.02276095074387; moved
2021-06-30 18:33:32.136303; -221; 59;-; -; -; -95.4516141799193; moved
2021-06-30 18:33:32.136303; -222; 60;-; -; -; -97.77970233064904; moved
2021-06-30 18:33:32.151894; -222; 61;-; -; -; -97.18006322420584; moved
2021-06-30 18:33:32.151894; -222; 61;-; -; -; -97.18006322420584; moved
2021-06-30 18:33:32.167642; -223; 62;-; -; -; -97.70746833211105; moved
2021-06-30 18:33:32.183255; -223; 62;-; -; -; -96.02373441821759; moved
2021-06-30 18:33:32.198871; -225; 64;-; -; -; -98.73681971958743; moved
2021-06-30 18:33:32.229998; -225; 64;-; -; -; -95.5110840088206; moved
2021-06-30 18:33:32.229998; -226; 65;-; -; -; -97.61022871231117; moved
2021-06-30 18:33:32.229998; -227; 65;-; -; -; -98.65980106405645; moved
2021-06-30 18:33:32.229998; -228; 66;-; -; -; -100.75894576754702; moved
2021-06-30 18:33:32.229998; -228; 67;-; -; -; -101.8085181192923; moved
2021-06-30 18:33:32.245619; -230; 67;-; -; -; -102.23153894608578; moved
2021-06-30 18:33:32.245619; -230; 67;-; -; -; -102.23153894608578; moved
2021-06-30 18:33:32.261319; -231; 67;-; -; -; -101.61672204778019; moved
2021-06-30 18:33:32.261319; -231; 68;-; -; -; -102.63288926825798; moved
2021-06-30 18:33:32.276940; -232; 68;-; -; -; -102.02948652160474; moved
2021-06-30 18:33:32.276940; -233; 69;-; -; -; -104.03006468869503; moved
2021-06-30 18:33:32.292562; -233; 69;-; -; -; -102.42944925457952; moved
2021-06-30 18:33:32.308227; -234; 70;-; -; -; -102.81300254704664; moved
2021-06-30 18:33:32.308227; -234; 70;-; -; -; -102.81300254704664; moved
2021-06-30 18:33:32.323762; -236; 71;-; -; -; -104.1534285110933; moved
2021-06-30 18:33:32.323762; -236; 71;-; -; -; -104.1534285110933; moved
2021-06-30 18:33:32.323762; -237; 72;-; -; -; -106.06450059386566; moved
2021-06-30 18:33:32.339393; -238; 72;-; -; -; -105.44511017131063; moved
2021-06-30 18:33:32.339393; -239; 73;-; -; -; -107.32805856722689; moved
2021-06-30 18:33:32.339393; -240; 73;-; -; -; -108.26953276518502; moved
2021-06-30 18:33:32.339393; -241; 74;-; -; -; -110.15248116110129; moved
2021-06-30 18:33:32.354971; -242; 74;-; -; -; -109.48817063824181; moved
2021-06-30 18:33:32.354971; -242; 74;-; -; -; -109.48817063824181; moved
2021-06-30 18:33:32.354971; -243; 75;-; -; -; -111.34390234397472; moved
2021-06-30 18:33:32.370621; -244; 75;-; -; -; -110.66479359644117; moved
2021-06-30 18:33:32.370621; -245; 76;-; -; -; -112.49396373853111; moved
2021-06-30 18:33:32.370621; -246; 76;-; -; -; -113.40854880957608; moved
2021-06-30 18:33:32.370621; -247; 76;-; -; -; -114.32313388062104; moved
2021-06-30 18:33:32.386231; -248; 76;-; -; -; -113.61566525578853; moved
2021-06-30 18:33:32.386231; -248; 76;-; -; -; -113.61566525578853; moved
2021-06-30 18:33:32.386231; -249; 77;-; -; -; -115.41908851381692; moved
2021-06-30 18:33:32.401833; -249; 77;-; -; -; -113.81784165804142; moved
2021-06-30 18:33:32.417586; -250; 78;-; -; -; -113.99938791097875; moved
2021-06-30 18:33:32.433203; -251; 78;-; -; -; -113.32434812547686; moved
2021-06-30 18:33:32.448734; -252; 78;-; -; -; -112.67557543501735; moved
2021-06-30 18:33:32.448734; -252; 78;-; -; -; -112.67557543501735; moved
2021-06-30 18:33:32.448734; -253; 79;-; -; -; -114.3827811234267; moved
2021-06-30 18:33:32.495673; -253; 79;-; -; -; -109.97633046738298; moved
2021-06-30 18:33:32.495673; -254; 79;-; -; -; -110.79704935146793; moved
2021-06-30 18:33:32.511297; -255; 79;-; -; -; -110.20462405637291; moved
2021-06-30 18:33:32.511297; -255; 80;-; -; -; -111.01495217443448; moved
2021-06-30 18:33:32.526808; -256; 80;-; -; -; -110.43719524735931; moved
2021-06-30 18:33:32.526808; -257; 80;-; -; -; -111.23746477813728; moved
2021-06-30 18:33:32.526808; -257; 80;-; -; -; -111.23746477813728; moved
2021-06-30 18:33:32.542467; -258; 80;-; -; -; -110.65111860377256; moved
2021-06-30 18:33:32.542467; -259; 80;-; -; -; -111.44148373665665; moved
2021-06-30 18:33:32.558050; -261; 80;-; -; -; -111.64713882736152; moved
2021-06-30 18:33:32.558050; -262; 81;-; -; -; -113.20863727249943; moved
2021-06-30 18:33:32.558050; -262; 81;-; -; -; -113.20863727249943; moved
2021-06-30 18:33:32.558050; -263; 81;-; -; -; -113.9893864950684; moved
2021-06-30 18:33:32.573701; -264; 82;-; -; -; -114.15595554705385; moved
2021-06-30 18:33:32.573701; -264; 82;-; -; -; -114.15595554705385; moved
2021-06-30 18:33:32.573701; -266; 82;-; -; -; -115.698603594987; moved
2021-06-30 18:33:32.573701; -267; 82;-; -; -; -116.46992761895359; moved
2021-06-30 18:33:32.589289; -268; 82;-; -; -; -115.84836059326555; moved
2021-06-30 18:33:32.589289; -268; 82;-; -; -; -115.84836059326555; moved
2021-06-30 18:33:32.589289; -269; 83;-; -; -; -117.37268112738747; moved
2021-06-30 18:33:32.604910; -270; 83;-; -; -; -116.74491086337758; moved
2021-06-30 18:33:32.604910; -270; 83;-; -; -; -116.74491086337758; moved
2021-06-30 18:33:32.604910; -271; 83;-; -; -; -117.4981038366897; moved
2021-06-30 18:33:32.620654; -271; 83;-; -; -; -116.12110836109197; moved
2021-06-30 18:33:32.620654; -272; 83;-; -; -; -116.86547444032975; moved
2021-06-30 18:33:32.620654; -272; 84;-; -; -; -117.60984051956751; moved
2021-06-30 18:33:32.636153; -273; 84;-; -; -; -117.0043357833109; moved
2021-06-30 18:33:32.636153; -274; 85;-; -; -; -118.47608843467331; moved
2021-06-30 18:33:32.636153; -274; 85;-; -; -; -118.47608843467331; moved
2021-06-30 18:33:32.651891; -275; 85;-; -; -; -117.8471507905216; moved
2021-06-30 18:33:32.651891; -276; 85;-; -; -; -118.57460233861123; moved
2021-06-30 18:33:32.667422; -276; 85;-; -; -; -117.24990702729765; moved
2021-06-30 18:33:32.667422; -277; 85;-; -; -; -117.96923161028721; moved
2021-06-30 18:33:32.667422; -278; 85;-; -; -; -118.68855619327675; moved
2021-06-30 18:33:32.667422; -278; 86;-; -; -; -119.40788077626631; moved
2021-06-30 18:33:32.683017; -279; 86;-; -; -; -118.7945835360666; moved
2021-06-30 18:33:32.683017; -280; 86;-; -; -; -119.50592834765982; moved
2021-06-30 18:33:32.683017; -281; 86;-; -; -; -120.21727315925303; moved
2021-06-30 18:33:32.683017; -281; 86;-; -; -; -120.21727315925303; moved
2021-06-30 18:33:32.698674; -282; 87;-; -; -; -120.30011713432457; moved
2021-06-30 18:33:32.698674; -283; 87;-; -; -; -121.00362659125045; moved
2021-06-30 18:33:32.698674; -284; 87;-; -; -; -121.70713604817632; moved
2021-06-30 18:33:32.714289; -284; 87;-; -; -; -120.38467426551432; moved
2021-06-30 18:33:32.714289; -285; 87;-; -; -; -121.08053943467914; moved
2021-06-30 18:33:32.729881; -285; 87;-; -; -; -119.78092481888298; moved
2021-06-30 18:33:32.823676; -287; 88;-; -; -; -114.45591087182426; moved
2021-06-30 18:33:32.823676; -287; 88;-; -; -; -114.45591087182426; moved
2021-06-30 18:33:32.823676; -288; 88;-; -; -; -115.10255443607186; moved
2021-06-30 18:33:32.823676; -290; 89;-; -; -; -117.04248512881463; moved
2021-06-30 18:33:32.839267; -293; 90;-; -; -; -118.43501886637841; moved
2021-06-30 18:33:32.839267; -294; 90;-; -; -; -119.07520815754802; moved
2021-06-30 18:33:32.839267; -296; 90;-; -; -; -120.35558673988724; moved
2021-06-30 18:33:32.839267; -297; 90;-; -; -; -120.99577603105686; moved
2021-06-30 18:33:32.854850; -300; 91;-; -; -; -122.3360997349807; moved
2021-06-30 18:33:32.854850; -301; 91;-; -; -; -122.96996553671636; moved
2021-06-30 18:33:32.854850; -304; 92;-; -; -; -125.50542874365897; moved
2021-06-30 18:33:32.854850; -305; 92;-; -; -; -126.13929454539462; moved
2021-06-30 18:33:32.870479; -307; 92;-; -; -; -126.15722579632826; moved
2021-06-30 18:33:32.870479; -309; 92;-; -; -; -127.4125215753962; moved
2021-06-30 18:33:32.870479; -310; 92;-; -; -; -128.04016946493016; moved
2021-06-30 18:33:32.870479; -312; 92;-; -; -; -129.2954652439981; moved
2021-06-30 18:33:32.886093; -314; 92;-; -; -; -129.28376792569165; moved
2021-06-30 18:33:32.886093; -316; 92;-; -; -; -130.52688107882332; moved
2021-06-30 18:33:32.886093; -317; 92;-; -; -; -131.14843765538913; moved
2021-06-30 18:33:32.886093; -318; 93;-; -; -; -132.39155080852078; moved
2021-06-30 18:33:32.901733; -320; 93;-; -; -; -132.3480890167091; moved
2021-06-30 18:33:32.901733; -321; 93;-; -; -; -132.96366152376356; moved
2021-06-30 18:33:32.901733; -322; 93;-; -; -; -133.57923403081801; moved
2021-06-30 18:33:32.901733; -323; 93;-; -; -; -134.1948065378725; moved
2021-06-30 18:33:32.917359; -323; 93;-; -; -; -132.91629322065933; moved
2021-06-30 18:33:32.917359; -324; 93;-; -; -; -133.52600098772658; moved
2021-06-30 18:33:32.917359; -324; 93;-; -; -; -133.52600098772658; moved
2021-06-30 18:33:32.948730; -325; 93;-; -; -; -131.6182281673777; moved
2021-06-30 18:33:33.011181; -326; 93;-; -; -; -127.45450854464254; moved
2021-06-30 18:33:33.026796; -326; 93;-; -; -; -126.31696871283008; moved
2021-06-30 18:33:33.026796; -327; 93;-; -; -; -126.88853870700578; moved
2021-06-30 18:33:33.042352; -327; 93;-; -; -; -125.77027210001796; moved
2021-06-30 18:33:33.042352; -328; 93;-; -; -; -126.33680485722525; moved
2021-06-30 18:33:33.042352; -328; 94;-; -; -; -126.90333761443253; moved
2021-06-30 18:33:33.057933; -329; 94;-; -; -; -126.35452045932395; moved
2021-06-30 18:33:33.057933; -330; 94;-; -; -; -126.91609610580983; moved
2021-06-30 18:33:33.057933; -330; 94;-; -; -; -126.91609610580983; moved
2021-06-30 18:33:33.073595; -331; 94;-; -; -; -126.3662304897777; moved
2021-06-30 18:33:33.073595; -331; 94;-; -; -; -126.3662304897777; moved
2021-06-30 18:33:33.073595; -332; 94;-; -; -; -126.92290991924808; moved
2021-06-30 18:33:33.073595; -333; 94;-; -; -; -127.47958934871848; moved
2021-06-30 18:33:33.089172; -334; 94;-; -; -; -126.93556033495534; moved
2021-06-30 18:33:33.089172; -335; 94;-; -; -; -127.4874540755421; moved
2021-06-30 18:33:33.089172; -336; 94;-; -; -; -128.03934781612887; moved
2021-06-30 18:33:33.089172; -337; 94;-; -; -; -128.59124155671563; moved
2021-06-30 18:33:33.104790; -339; 94;-; -; -; -128.58667918608464; moved
2021-06-30 18:33:33.104790; -339; 94;-; -; -; -128.58667918608464; moved
2021-06-30 18:33:33.104790; -341; 94;-; -; -; -129.68103390256195; moved
2021-06-30 18:33:33.104790; -342; 94;-; -; -; -130.2282112608006; moved
2021-06-30 18:33:33.120413; -342; 94;-; -; -; -129.12438476028439; moved
2021-06-30 18:33:33.120413; -343; 94;-; -; -; -129.6669241920503; moved
2021-06-30 18:33:33.120413; -344; 94;-; -; -; -130.2094636238162; moved
2021-06-30 18:33:33.120413; -345; 94;-; -; -; -130.7520030555821; moved
2021-06-30 18:33:33.136050; -346; 94;-; -; -; -130.19005057506882; moved
2021-06-30 18:33:33.136050; -346; 94;-; -; -; -130.19005057506882; moved
2021-06-30 18:33:33.136050; -348; 94;-; -; -; -131.26600140626772; moved
2021-06-30 18:33:33.136050; -348; 94;-; -; -; -131.26600140626772; moved
2021-06-30 18:33:33.151705; -349; 94;-; -; -; -130.70319385257534; moved
2021-06-30 18:33:33.151705; -349; 94;-; -; -; -130.70319385257534; moved
2021-06-30 18:33:33.151705; -350; 94;-; -; -; -131.23667627646338; moved
2021-06-30 18:33:33.167277; -350; 94;-; -; -; -130.15542462413654; moved
2021-06-30 18:33:33.167277; -351; 94;-; -; -; -130.68451171610457; moved
2021-06-30 18:33:33.183022; -352; 94;-; -; -; -130.12955761722284; moved
2021-06-30 18:33:33.183022; -352; 94;-; -; -; -130.12955761722284; moved
2021-06-30 18:33:33.198637; -353; 94;-; -; -; -129.59246552528145; moved
2021-06-30 18:33:33.214273; -353; 94;-; -; -; -128.54638304550645; moved
2021-06-30 18:33:33.229809; -354; 94;-; -; -; -128.035727089287; moved
2021-06-30 18:33:33.245399; -355; 95;-; -; -; -128.0377203188749; moved
2021-06-30 18:33:33.245399; -356; 95;-; -; -; -128.54580651061647; moved
2021-06-30 18:33:33.245399; -356; 95;-; -; -; -128.54580651061647; moved
2021-06-30 18:33:33.261113; -357; 95;-; -; -; -128.0316792715703; moved
2021-06-30 18:33:33.261113; -357; 95;-; -; -; -128.0316792715703; moved
2021-06-30 18:33:33.261113; -358; 95;-; -; -; -128.53574100098595; moved
2021-06-30 18:33:33.261113; -358; 95;-; -; -; -128.53574100098595; moved
2021-06-30 18:33:33.276667; -360; 96;-; -; -; -129.03625918883205; moved
2021-06-30 18:33:33.276667; -360; 96;-; -; -; -129.03625918883205; moved
2021-06-30 18:33:33.276667; -361; 96;-; -; -; -129.53639972832366; moved
2021-06-30 18:33:33.292286; -361; 96;-; -; -; -128.5323442463414; moved
2021-06-30 18:33:33.292286; -362; 96;-; -; -; -129.0286081237404; moved
2021-06-30 18:33:33.307913; -363; 96;-; -; -; -128.52812155904118; moved
2021-06-30 18:33:33.323520; -363; 96;-; -; -; -127.54784143604208; moved
2021-06-30 18:33:33.339114; -364; 96;-; -; -; -127.06819245496231; moved
2021-06-30 18:33:33.339114; -364; 96;-; -; -; -127.06819245496231; moved
2021-06-30 18:33:33.354734; -365; 96;-; -; -; -126.59415982151668; moved
2021-06-30 18:33:33.354734; -365; 96;-; -; -; -126.59415982151668; moved
2021-06-30 18:33:33.370394; -366; 96;-; -; -; -126.12479188214976; moved
2021-06-30 18:33:33.370394; -366; 96;-; -; -; -126.12479188214976; moved
2021-06-30 18:33:33.370394; -367; 96;-; -; -; -126.60253730594579; moved
2021-06-30 18:33:33.385978; -368; 96;-; -; -; -126.14113865614164; moved
2021-06-30 18:33:33.385978; -368; 96;-; -; -; -126.14113865614164; moved
2021-06-30 18:33:33.385978; -369; 97;-; -; -; -127.08956827009759; moved
2021-06-30 18:33:33.401629; -370; 97;-; -; -; -126.62398794953869; moved
2021-06-30 18:33:33.401629; -371; 97;-; -; -; -127.09470909433252; moved
2021-06-30 18:33:33.401629; -371; 97;-; -; -; -127.09470909433252; moved
2021-06-30 18:33:33.401629; -372; 97;-; -; -; -127.56543023912634; moved
2021-06-30 18:33:33.417250; -373; 97;-; -; -; -127.10155648005323; moved
2021-06-30 18:33:33.417250; -374; 97;-; -; -; -127.56884161417108; moved
2021-06-30 18:33:33.417250; -374; 97;-; -; -; -127.56884161417108; moved
2021-06-30 18:33:33.417250; -375; 97;-; -; -; -128.03612674828892; moved
2021-06-30 18:33:33.432872; -376; 97;-; -; -; -127.57214436713315; moved
2021-06-30 18:33:33.432872; -376; 97;-; -; -; -127.57214436713315; moved
2021-06-30 18:33:33.432872; -378; 97;-; -; -; -128.4999417807123; moved
2021-06-30 18:33:33.432872; -378; 97;-; -; -; -128.4999417807123; moved
2021-06-30 18:33:33.448577; -379; 97;-; -; -; -128.03106641588542; moved
2021-06-30 18:33:33.448577; -380; 97;-; -; -; -128.49160982025913; moved
2021-06-30 18:33:33.448577; -381; 97;-; -; -; -128.9521532246328; moved
2021-06-30 18:33:33.448577; -381; 97;-; -; -; -128.9521532246328; moved
2021-06-30 18:33:33.464198; -382; 97;-; -; -; -128.48833248207907; moved
2021-06-30 18:33:33.464198; -382; 97;-; -; -; -128.48833248207907; moved
2021-06-30 18:33:33.464198; -383; 97;-; -; -; -128.94558633432848; moved
2021-06-30 18:33:33.479820; -383; 97;-; -; -; -128.03103254303682; moved
2021-06-30 18:33:33.479820; -384; 97;-; -; -; -128.48504329673554; moved
2021-06-30 18:33:33.479820; -385; 97;-; -; -; -128.93905405043424; moved
2021-06-30 18:33:33.495357; -385; 97;-; -; -; -128.03589332987096; moved
2021-06-30 18:33:33.495357; -386; 97;-; -; -; -128.4867239401874; moved
2021-06-30 18:33:33.495357; -387; 97;-; -; -; -128.93755455050385; moved
2021-06-30 18:33:33.510948; -387; 97;-; -; -; -128.03759112045876; moved
2021-06-30 18:33:33.510948; -388; 97;-; -; -; -128.48527500549534; moved
2021-06-30 18:33:33.510948; -389; 97;-; -; -; -128.9329588905319; moved
2021-06-30 18:33:33.510948; -389; 97;-; -; -; -128.9329588905319; moved
2021-06-30 18:33:33.526569; -390; 97;-; -; -; -128.4821325366552; moved
2021-06-30 18:33:33.526569; -390; 97;-; -; -; -128.4821325366552; moved
2021-06-30 18:33:33.526569; -391; 97;-; -; -; -128.9267073897232; moved
2021-06-30 18:33:33.526569; -392; 97;-; -; -; -129.3712822427912; moved
2021-06-30 18:33:33.542191; -393; 97;-; -; -; -128.92048520019318; moved
2021-06-30 18:33:33.542191; -394; 97;-; -; -; -129.36199371115276; moved
2021-06-30 18:33:33.542191; -396; 97;-; -; -; -130.2450107330719; moved
2021-06-30 18:33:33.542191; -396; 97;-; -; -; -130.2450107330719; moved
2021-06-30 18:33:33.557812; -398; 97;-; -; -; -130.22985789160052; moved
2021-06-30 18:33:33.557812; -398; 97;-; -; -; -130.22985789160052; moved
2021-06-30 18:33:33.557812; -399; 97;-; -; -; -130.66834226160591; moved
2021-06-30 18:33:33.573433; -400; 97;-; -; -; -130.21491121868962; moved
2021-06-30 18:33:33.573433; -401; 97;-; -; -; -130.65041259400297; moved
2021-06-30 18:33:33.573433; -402; 97;-; -; -; -131.08591396931632; moved
2021-06-30 18:33:33.573433; -403; 97;-; -; -; -131.52141534462967; moved
2021-06-30 18:33:33.589086; -404; 97;-; -; -; -131.06346975613113; moved
2021-06-30 18:33:33.589086; -405; 97;-; -; -; -131.4960224615969; moved
2021-06-30 18:33:33.589086; -405; 97;-; -; -; -131.4960224615969; moved
2021-06-30 18:33:33.589086; -407; 97;-; -; -; -132.36112787252847; moved
2021-06-30 18:33:33.604679; -408; 97;-; -; -; -131.904015123848; moved
2021-06-30 18:33:33.604679; -408; 97;-; -; -; -131.904015123848; moved
2021-06-30 18:33:33.604679; -409; 97;-; -; -; -132.33366989623838; moved
2021-06-30 18:33:33.604679; -410; 97;-; -; -; -132.76332466862877; moved
2021-06-30 18:33:33.620318; -411; 97;-; -; -; -132.30397991710942; moved
2021-06-30 18:33:33.620318; -411; 97;-; -; -; -132.30397991710942; moved
2021-06-30 18:33:33.620318; -412; 97;-; -; -; -132.7307669491001; moved
2021-06-30 18:33:33.620318; -412; 97;-; -; -; -132.7307669491001; moved
2021-06-30 18:33:33.635962; -413; 97;-; -; -; -132.27440324954117; moved
2021-06-30 18:33:33.635962; -414; 97;-; -; -; -132.6983596702128; moved
2021-06-30 18:33:33.635962; -414; 97;-; -; -; -132.6983596702128; moved
2021-06-30 18:33:33.635962; -415; 97;-; -; -; -133.1223160908844; moved
2021-06-30 18:33:33.651557; -415; 97;-; -; -; -132.24794552395454; moved
2021-06-30 18:33:33.651557; -417; 97;-; -; -; -133.09028912601795; moved
2021-06-30 18:33:33.651557; -417; 97;-; -; -; -133.09028912601795; moved
2021-06-30 18:33:33.651557; -419; 97;-; -; -; -133.93263272808136; moved
2021-06-30 18:33:33.667174; -420; 97;-; -; -; -133.475874967834; moved
2021-06-30 18:33:33.667174; -421; 97;-; -; -; -133.89429463857954; moved
2021-06-30 18:33:33.667174; -421; 97;-; -; -; -133.89429463857954; moved
2021-06-30 18:33:33.667174; -422; 97;-; -; -; -134.31271430932512; moved
2021-06-30 18:33:33.682781; -424; 97;-; -; -; -134.27271578415267; moved
2021-06-30 18:33:33.682781; -424; 97;-; -; -; -134.27271578415267; moved
2021-06-30 18:33:33.682781; -425; 97;-; -; -; -134.68842078658037; moved
2021-06-30 18:33:33.682781; -426; 97;-; -; -; -135.1041257890081; moved
2021-06-30 18:33:33.698424; -427; 97;-; -; -; -134.64425624536645; moved
2021-06-30 18:33:33.698424; -428; 97;-; -; -; -135.05727543630314; moved
2021-06-30 18:33:33.698424; -429; 97;-; -; -; -135.47029462723987; moved
2021-06-30 18:33:33.698424; -430; 97;-; -; -; -135.88331381817656; moved
2021-06-30 18:33:33.714043; -430; 97;-; -; -; -135.01235629801863; moved
2021-06-30 18:33:33.714043; -432; 97;-; -; -; -135.83310010530144; moved
2021-06-30 18:33:33.714043; -433; 97;-; -; -; -136.24347200894283; moved
2021-06-30 18:33:33.729653; -433; 97;-; -; -; -135.37626446324126; moved
2021-06-30 18:33:33.729653; -435; 97;-; -; -; -136.19178412868246; moved
2021-06-30 18:33:33.729653; -435; 97;-; -; -; -136.19178412868246; moved
2021-06-30 18:33:33.729653; -436; 97;-; -; -; -136.59954396140307; moved
2021-06-30 18:33:33.745309; -436; 97;-; -; -; -135.7330394476678; moved
2021-06-30 18:33:33.745309; -438; 97;-; -; -; -136.543385951833; moved
2021-06-30 18:33:33.745309; -439; 97;-; -; -; -136.94855920391558; moved
2021-06-30 18:33:33.745309; -439; 97;-; -; -; -136.94855920391558; moved
2021-06-30 18:33:33.760932; -441; 97;-; -; -; -136.89237400768127; moved
2021-06-30 18:33:33.760932; -441; 97;-; -; -; -136.89237400768127; moved
2021-06-30 18:33:33.760932; -442; 97;-; -; -; -137.2949986371156; moved
2021-06-30 18:33:33.760932; -443; 97;-; -; -; -137.69762326654998; moved
2021-06-30 18:33:33.776509; -444; 97;-; -; -; -137.23952498319514; moved
2021-06-30 18:33:33.776509; -445; 97;-; -; -; -137.6396402163823; moved
2021-06-30 18:33:33.776509; -447; 96;-; -; -; -138.03975544956947; moved
2021-06-30 18:33:33.776509; -448; 96;-; -; -; -138.43987068275663; moved
2021-06-30 18:33:33.792134; -449; 96;-; -; -; -137.97737886719378; moved
2021-06-30 18:33:33.792134; -450; 96;-; -; -; -138.375008201105; moved
2021-06-30 18:33:33.792134; -451; 96;-; -; -; -138.77263753501623; moved
2021-06-30 18:33:33.792134; -453; 95;-; -; -; -139.17026686892746; moved
2021-06-30 18:33:33.807771; -456; 95;-; -; -; -139.49580761749854; moved
2021-06-30 18:33:33.807771; -457; 94;-; -; -; -139.49580761749854; moved
2021-06-30 18:33:33.807771; -461; 94;-; -; -; -141.07649665565717; moved
2021-06-30 18:33:33.807771; -464; 94;-; -; -; -142.26201343427613; moved
2021-06-30 18:33:33.823394; -468; 93;-; -; -; -142.5673512910593; moved
2021-06-30 18:33:33.823394; -471; 93;-; -; -; -143.74559386371268; moved
2021-06-30 18:33:33.823394; -475; 92;-; -; -; -144.9238364363661; moved
2021-06-30 18:33:33.823394; -481; 91;-; -; -; -146.88757405745505; moved
2021-06-30 18:33:33.838994; -486; 91;-; -; -; -147.94487394433136; moved
2021-06-30 18:33:33.838994; -495; 90;-; -; -; -151.06772088774733; moved
2021-06-30 18:33:33.838994; -505; 89;-; -; -; -154.58092369909028; moved
2021-06-30 18:33:33.838994; -517; 88;-; -; -; -158.87483824628723; moved
2021-06-30 18:33:33.854615; -531; 87;-; -; -; -162.955800954921; moved
2021-06-30 18:33:33.854615; -547; 86;-; -; -; -168.7756509890253; moved
2021-06-30 18:33:33.854615; -570; 84;-; -; -; -176.92344103677135; moved
2021-06-30 18:33:33.854615; -595; 83;-; -; -; -186.23520109133827; moved
2021-06-30 18:33:33.870237; -629; 79;-; -; -; -196.68277151478128; moved
2021-06-30 18:33:33.870237; -664; 78;-; -; -; -209.79495628243336; moved
2021-06-30 18:33:33.870237; -708; 78;-; -; -; -226.76366598174783; moved
2021-06-30 18:33:33.870237; -760; 76;-; -; -; -246.0462906400597; moved
2021-06-30 18:33:33.885858; -816; 76;-; -; -; -266.04013065867167; moved
2021-06-30 18:33:33.885858; -884; 76;-; -; -; -292.1074633456885; moved
2021-06-30 18:33:33.885858; -959; 76;-; -; -; -320.858197926957; moved
2021-06-30 18:33:33.901524; -1035; 76;-; -; -; -347.9029606046576; moved
2021-06-30 18:33:33.901524; -1116; 76;-; -; -; -378.7683930350818; moved
2021-06-30 18:33:33.901524; -1197; 76;-; -; -; -409.633825465506; moved
2021-06-30 18:33:33.901524; -1284; 77;-; -; -; -443.166640945473; moved
2021-06-30 18:33:33.917143; -1373; 81;-; -; -; -475.77307442590933; moved
2021-06-30 18:33:33.917143; -1466; 88;-; -; -; -513.6530962751059; moved
2021-06-30 18:33:33.917143; -1555; 94;-; -; -; -549.6391170318427; moved
2021-06-30 18:33:33.917143; -1648; 103;-; -; -; -588.2767393180233; moved
2021-06-30 18:33:33.932769; -1738; 114;-; -; -; -622.8488367714289; moved
2021-06-30 18:33:33.932769; -1829; 128;-; -; -; -662.3888173403527; moved
2021-06-30 18:33:33.932769; -1917; 143;-; -; -; -701.1756554222494; moved
2021-06-30 18:33:33.948367; -2003; 165;-; -; -; -737.513374449392; moved
2021-06-30 18:33:33.948367; -2228; 241;-; -; -; -850.1994281089184; moved
2021-06-30 18:33:33.948367; -2292; 273;-; -; -; -886.1391661531527; moved
2021-06-30 18:33:33.963964; -2346; 306;-; -; -; -913.3762726878534; moved
2021-06-30 18:33:33.963964; -2395; 342;-; -; -; -945.0131851485166; moved
2021-06-30 18:33:33.963964; -2432; 379;-; -; -; -972.5559089377999; moved
2021-06-30 18:33:33.963964; -2458; 417;-; -; -; -996.3766430258287; moved
2021-06-30 18:33:33.979586; -2479; 457;-; -; -; -1013.1895970813626; moved
2021-06-30 18:33:33.979586; -2490; 500;-; -; -; -1033.1721530500965; moved
2021-06-30 18:33:33.979586; -2496; 540;-; -; -; -1050.194330356796; moved
2021-06-30 18:33:33.979586; -2495; 586;-; -; -; -1066.846460330741; moved
2021-06-30 18:33:33.995206; -2483; 640;-; -; -; -1076.1680470438125; moved
2021-06-30 18:33:33.995206; -2456; 695;-; -; -; -1086.4698266394455; moved
2021-06-30 18:33:33.995206; -2418; 757;-; -; -; -1095.2999234357023; moved
2021-06-30 18:33:33.995206; -2364; 818;-; -; -; -1097.8753683346106; moved
2021-06-30 18:33:34.010828; -2295; 880;-; -; -; -1089.040492039981; moved
2021-06-30 18:33:34.010828; -2208; 944;-; -; -; -1080.6266756755472; moved
2021-06-30 18:33:34.026476; -2106; 1004;-; -; -; -1059.1991188860077; moved
2021-06-30 18:33:34.026476; -1712; 1182;-; -; -; -980.6321512763313; moved
2021-06-30 18:33:34.026476; -1553; 1072;-; -; -; -882.7871777253918; moved
2021-06-30 18:33:34.026476; -1383; 1065;-; -; -; -818.4059126007958; moved
2021-06-30 18:33:34.042071; -1214; 1058;-; -; -; -750.1332806720964; moved
2021-06-30 18:33:34.042071; -1037; 1052;-; -; -; -683.9450500245584; moved
2021-06-30 18:33:34.042071; -858; 1046;-; -; -; -617.0334507360639; moved
2021-06-30 18:33:34.057763; -679; 1041;-; -; -; -547.3768707737435; moved
2021-06-30 18:33:34.057763; -504; 1031;-; -; -; -480.84288845236205; moved
2021-06-30 18:33:34.057763; -339; 1026;-; -; -; -419.70355334622775; moved
2021-06-30 18:33:34.057763; -180; 1018;-; -; -; -359.6431476831429; moved
2021-06-30 18:33:34.073438; -37; 1011;-; -; -; -303.9829998401407; moved
2021-06-30 18:33:34.073438; 88; 997;-; -; -; -317.2152010096527; moved
2021-06-30 18:33:34.073438; 201; 976;-; -; -; -350.116890404115; moved
2021-06-30 18:33:34.073438; 292; 952;-; -; -; -374.07790333269077; moved
2021-06-30 18:33:34.088812; 360; 926;-; -; -; -386.970614063323; moved
2021-06-30 18:33:34.093582; 406; 898;-; -; -; -392.7064540560079; moved
2021-06-30 18:33:34.097590; 427; 877;-; -; -; -392.1483810051266; moved
2021-06-30 18:33:34.101590; 437; 859;-; -; -; -388.7605019330036; moved
2021-06-30 18:33:34.105555; 436; 842;-; -; -; -381.85131416958296; moved
2021-06-30 18:33:34.109544; 427; 819;-; -; -; -370.01534080778447; moved
2021-06-30 18:33:34.113500; 411; 795;-; -; -; -355.39622271637654; moved
2021-06-30 18:33:34.117658; 386; 766;-; -; -; -335.86475845726125; moved
2021-06-30 18:33:34.121589; 345; 735;-; -; -; -310.08733071763066; moved
2021-06-30 18:33:34.125721; 300; 707;-; -; -; -284.00992525167703; moved
2021-06-30 18:33:34.129531; 236; 675;-; -; -; -249.9735301521368; moved
2021-06-30 18:33:34.133601; 156; 640;-; -; -; -209.35648437948558; moved
2021-06-30 18:33:34.137529; 53; 603;-; -; -; -160.12306401426423; moved
2021-06-30 18:33:34.141540; -63; 566;-; -; -; -150.4724871007373; moved
2021-06-30 18:33:34.145514; -194; 531;-; -; -; -183.7334853405432; moved
2021-06-30 18:33:34.149072; -345; 495;-; -; -; -223.54982497302254; moved
2021-06-30 18:33:34.153575; -503; 462;-; -; -; -266.65776648567316; moved
2021-06-30 18:33:34.157752; -675; 428;-; -; -; -314.17905706706733; moved
2021-06-30 18:33:34.161821; -854; 394;-; -; -; -364.0029508505882; moved
2021-06-30 18:33:34.165645; -1047; 365;-; -; -; -420.299569037147; moved
2021-06-30 18:33:34.169421; -1245; 335;-; -; -; -477.8382624666689; moved
2021-06-30 18:33:34.173815; -1437; 311;-; -; -; -535.1127154519147; moved
2021-06-30 18:33:34.177644; -1635; 284;-; -; -; -593.3633635186688; moved
2021-06-30 18:33:34.181769; -1835; 262;-; -; -; -653.8040447024314; moved
2021-06-30 18:33:34.199053; -2030; 243;-; -; -; -710.1728235513159; moved
2021-06-30 18:33:34.199360; -2549; 202;-; -; -; -873.6774634675859; moved
2021-06-30 18:33:34.202235; -2696; 190;-; -; -; -918.9724739026176; moved
2021-06-30 18:33:34.205357; -2684; 183;-; -; -; -911.5038686833362; moved
2021-06-30 18:33:34.209768; -2668; 178;-; -; -; -902.971793384504; moved
2021-06-30 18:33:34.213650; -2644; 176;-; -; -; -892.9237326663989; moved
2021-06-30 18:33:34.217820; -2620; 176;-; -; -; -883.4958686876209; moved
2021-06-30 18:33:34.221721; -2598; 177;-; -; -; -875.1934119705538; moved
2021-06-30 18:33:34.225816; -2576; 179;-; -; -; -867.1950327394105; moved
2021-06-30 18:33:34.229485; -2560; 181;-; -; -; -861.3751652973183; moved
2021-06-30 18:33:34.233821; -2557; 185;-; -; -; -860.4501398907931; moved
2021-06-30 18:33:34.237686; -2551; 188;-; -; -; -858.3134293117583; moved
2021-06-30 18:33:34.238099; -2537; 193;-; -; -; -855.1540594487432; moved
2021-06-30 18:33:34.238099; -2507; 203;-; -; -; -848.3992880470943; moved
2021-06-30 18:33:34.238099; -2459; 214;-; -; -; -835.9029609540439; moved
2021-06-30 18:33:34.253724; -2400; 227;-; -; -; -816.0605006895695; moved
2021-06-30 18:33:34.253724; -2330; 239;-; -; -; -796.574494497723; moved
2021-06-30 18:33:34.253724; -2245; 252;-; -; -; -772.3849695699137; moved
2021-06-30 18:33:34.253724; -2149; 266;-; -; -; -744.8357884021307; moved
2021-06-30 18:33:34.269389; -2049; 277;-; -; -; -711.1919148708624; moved
2021-06-30 18:33:34.269389; -1937; 286;-; -; -; -676.7686219988235; moved
2021-06-30 18:33:34.269389; -1823; 293;-; -; -; -641.0085022191327; moved
2021-06-30 18:33:34.269389; -1702; 297;-; -; -; -601.9063151703117; moved
2021-06-30 18:33:34.285012; -1586; 300;-; -; -; -561.2106990431158; moved
2021-06-30 18:33:34.285012; -1472; 302;-; -; -; -523.9739701966532; moved
2021-06-30 18:33:34.285012; -1367; 304;-; -; -; -489.7294784896384; moved
2021-06-30 18:33:34.285012; -1267; 304;-; -; -; -456.4823991624396; moved
2021-06-30 18:33:34.300585; -1178; 304;-; -; -; -424.6936186145462; moved
2021-06-30 18:33:34.300585; -1100; 304;-; -; -; -398.89447355852235; moved
2021-06-30 18:33:34.300585; -1038; 304;-; -; -; -378.3874608216829; moved
2021-06-30 18:33:34.300585; -994; 304;-; -; -; -363.8340969439259; moved
2021-06-30 18:33:34.316206; -963; 302;-; -; -; -351.1049935553971; moved
2021-06-30 18:33:34.316206; -950; 300;-; -; -; -346.16912204337183; moved
2021-06-30 18:33:34.316206; -949; 299;-; -; -; -345.51100584176845; moved
2021-06-30 18:33:34.316206; -949; 296;-; -; -; -344.5238315393634; moved
2021-06-30 18:33:34.331846; -952; 294;-; -; -; -343.0872020944033; moved
2021-06-30 18:33:34.331846; -961; 290;-; -; -; -344.72406851660946; moved
2021-06-30 18:33:34.331846; -973; 284;-; -; -; -346.6883082232568; moved
2021-06-30 18:33:34.331846; -997; 277;-; -; -; -352.2536540587576; moved
2021-06-30 18:33:34.347470; -1032; 268;-; -; -; -358.9294781745146; moved
2021-06-30 18:33:34.347470; -1080; 259;-; -; -; -371.6320640627234; moved
2021-06-30 18:33:34.347470; -1133; 249;-; -; -; -385.63747927279974; moved
2021-06-30 18:33:34.347470; -1188; 243;-; -; -; -401.5971384656774; moved
2021-06-30 18:33:34.378693; -1249; 235;-; -; -; -414.64289122814256; moved
2021-06-30 18:33:34.378693; -1568; 207;-; -; -; -508.4695485744797; moved
2021-06-30 18:33:34.378693; -1592; 207;-; -; -; -516.2078295927342; moved
2021-06-30 18:33:34.394313; -1606; 207;-; -; -; -518.1124409865117; moved
2021-06-30 18:33:34.394313; -1614; 207;-; -; -; -520.6789422421724; moved
2021-06-30 18:33:34.394313; -1614; 207;-; -; -; -520.6789422421724; moved
2021-06-30 18:33:34.394313; -1614; 207;-; -; -; -520.6789422421724; moved
2021-06-30 18:33:34.409934; -1611; 210;-; -; -; -518.0826155032153; moved
2021-06-30 18:33:34.409934; -1607; 213;-; -; -; -517.7634025546612; moved
2021-06-30 18:33:34.409934; -1599; 216;-; -; -; -516.167337811891; moved
2021-06-30 18:33:34.425638; -1588; 220;-; -; -; -511.36939323956955; moved
2021-06-30 18:33:34.425638; -1572; 224;-; -; -; -507.5579443458585; moved
2021-06-30 18:33:34.425638; -1549; 228;-; -; -; -501.5231502641493; moved
2021-06-30 18:33:34.425638; -1517; 233;-; -; -; -492.9473902532994; moved
2021-06-30 18:33:34.441194; -1484; 236;-; -; -; -481.0419837134734; moved
2021-06-30 18:33:34.441194; -1452; 241;-; -; -; -472.5083874189506; moved
2021-06-30 18:33:34.441194; -1424; 245;-; -; -; -464.9229684904858; moved
2021-06-30 18:33:34.441194; -1398; 248;-; -; -; -457.6536086840404; moved
2021-06-30 18:33:34.456844; -1373; 249;-; -; -; -447.8529633304661; moved
2021-06-30 18:33:34.456844; -1356; 249;-; -; -; -442.5064040772232; moved
2021-06-30 18:33:34.456844; -1340; 249;-; -; -; -437.47434830946514; moved
2021-06-30 18:33:34.456844; -1328; 249;-; -; -; -433.7003064836466; moved
2021-06-30 18:33:34.472423; -1318; 249;-; -; -; -428.45598733598024; moved
2021-06-30 18:33:34.472423; -1311; 247;-; -; -; -425.6392569590454; moved
2021-06-30 18:33:34.472423; -1307; 245;-; -; -; -423.7614367077555; moved
2021-06-30 18:33:34.472423; -1306; 244;-; -; -; -423.1354966239922; moved
2021-06-30 18:33:34.488078; -1306; 243;-; -; -; -420.7609887602936; moved
2021-06-30 18:33:34.488078; -1306; 243;-; -; -; -420.7609887602936; moved
2021-06-30 18:33:34.488078; -1306; 241;-; -; -; -420.13810054599264; moved
2021-06-30 18:33:34.503688; -1306; 240;-; -; -; -417.79548415151095; moved
2021-06-30 18:33:34.503688; -1306; 238;-; -; -; -417.17560954594495; moved
2021-06-30 18:33:34.503688; -1307; 235;-; -; -; -416.5557349403789; moved
2021-06-30 18:33:34.503688; -1308; 232;-; -; -; -415.93586033481284; moved
2021-06-30 18:33:34.519302; -1309; 231;-; -; -; -413.9326905964178; moved
2021-06-30 18:33:34.519302; -1311; 230;-; -; -; -414.241135224284; moved
2021-06-30 18:33:34.519302; -1312; 228;-; -; -; -413.9326905964178; moved
2021-06-30 18:33:34.519302; -1312; 228;-; -; -; -413.9326905964178; moved
2021-06-30 18:33:34.534951; -1312; 227;-; -; -; -411.6373343090663; moved
2021-06-30 18:33:34.534951; -1312; 227;-; -; -; -411.6373343090663; moved
2021-06-30 18:33:34.550664; -1312; 225;-; -; -; -409.0504317330266; moved
2021-06-30 18:33:34.550664; -1312; 224;-; -; -; -408.744942239574; moved
2021-06-30 18:33:34.550664; -1311; 222;-; -; -; -407.82847375921625; moved
2021-06-30 18:33:34.550664; -1308; 219;-; -; -; -405.99553679850067; moved
2021-06-30 18:33:34.566168; -1305; 218;-; -; -; -402.86548336712843; moved
2021-06-30 18:33:34.566168; -1303; 216;-; -; -; -401.6492856814918; moved
2021-06-30 18:33:34.566168; -1299; 215;-; -; -; -400.12903857444604; moved
2021-06-30 18:33:34.581805; -1292; 213;-; -; -; -395.5121625285665; moved
2021-06-30 18:33:34.581805; -1283; 209;-; -; -; -391.5782236510826; moved
2021-06-30 18:33:34.581805; -1274; 207;-; -; -; -388.24950613936556; moved
2021-06-30 18:33:34.581805; -1262; 205;-; -; -; -384.01295657899834; moved
2021-06-30 18:33:34.597409; -1247; 203;-; -; -; -377.0879892054045; moved
2021-06-30 18:33:34.597409; -1229; 200;-; -; -; -370.76303092001035; moved
2021-06-30 18:33:34.597409; -1208; 198;-; -; -; -363.83569565505485; moved
2021-06-30 18:33:34.597409; -1190; 195;-; -; -; -357.51073736966066; moved
2021-06-30 18:33:34.613011; -1166; 191;-; -; -; -347.44476707410735; moved
2021-06-30 18:33:34.613011; -1140; 186;-; -; -; -338.15159383916574; moved
2021-06-30 18:33:34.613011; -1114; 181;-; -; -; -328.85842060422414; moved
2021-06-30 18:33:34.613011; -1088; 177;-; -; -; -319.86502715105485; moved
2021-06-30 18:33:34.628632; -1061; 172;-; -; -; -308.8258857559058; moved
2021-06-30 18:33:34.628632; -1033; 167;-; -; -; -298.9792633115146; moved
2021-06-30 18:33:34.628632; -1001; 160;-; -; -; -287.3423458772341; moved
2021-06-30 18:33:34.628632; -969; 154;-; -; -; -276.0038109412685; moved
2021-06-30 18:33:34.644254; -942; 147;-; -; -; -264.6252997824489; moved
2021-06-30 18:33:34.644254; -915; 141;-; -; -; -254.8243627534693; moved
2021-06-30 18:33:34.644254; -888; 135;-; -; -; -245.02342572448973; moved
2021-06-30 18:33:34.644254; -864; 129;-; -; -; -236.11348297087193; moved
2021-06-30 18:33:34.659875; -839; 121;-; -; -; -225.26743856732276; moved
2021-06-30 18:33:34.659875; -820; 116;-; -; -; -218.17240113213148; moved
2021-06-30 18:33:34.659875; -801; 110;-; -; -; -210.78173713714057; moved
2021-06-30 18:33:34.675542; -784; 105;-; -; -; -203.33618474813827; moved
2021-06-30 18:33:34.675542; -770; 99;-; -; -; -197.4509116729389; moved
2021-06-30 18:33:34.675542; -759; 94;-; -; -; -192.74269321277941; moved
2021-06-30 18:33:34.675542; -749; 89;-; -; -; -188.32873840637987; moved
2021-06-30 18:33:34.691159; -739; 85;-; -; -; -183.3663841965125; moved
2021-06-30 18:33:34.691159; -732; 80;-; -; -; -179.85137363683495; moved
2021-06-30 18:33:34.691159; -725; 76;-; -; -; -176.6292806237972; moved
2021-06-30 18:33:34.691159; -717; 72;-; -; -; -173.11427006411964; moved
2021-06-30 18:33:34.706739; -711; 68;-; -; -; -169.41195681015654; moved
2021-06-30 18:33:34.706739; -707; 65;-; -; -; -167.37084889678118; moved
2021-06-30 18:33:34.706739; -703; 63;-; -; -; -165.6213278281737; moved
2021-06-30 18:33:34.706739; -700; 60;-; -; -; -163.87180675956623; moved
2021-06-30 18:33:34.722361; -696; 59;-; -; -; -161.67740452325194; moved
2021-06-30 18:33:34.722361; -693; 56;-; -; -; -159.93581668278603; moved
2021-06-30 18:33:34.722361; -689; 53;-; -; -; -157.90396420224246; moved
2021-06-30 18:33:34.722361; -687; 51;-; -; -; -156.74290564193186; moved
2021-06-30 18:33:34.737981; -684; 48;-; -; -; -154.30172401836364; moved
2021-06-30 18:33:34.737981; -680; 46;-; -; -; -152.56799678220224; moved
2021-06-30 18:33:34.737981; -677; 44;-; -; -; -151.1232240854011; moved
2021-06-30 18:33:34.737981; -674; 42;-; -; -; -149.67845138859994; moved
2021-06-30 18:33:34.753622; -670; 40;-; -; -; -147.27909071270136; moved
2021-06-30 18:33:34.753622; -668; 38;-; -; -; -146.12847281650838; moved
2021-06-30 18:33:34.753622; -665; 36;-; -; -; -144.69020044626717; moved
2021-06-30 18:33:34.753622; -661; 34;-; -; -; -142.96427360197768; moved
2021-06-30 18:33:34.769243; -658; 33;-; -; -; -141.17927362261435; moved
2021-06-30 18:33:34.769243; -655; 31;-; -; -; -139.74743514773996; moved
2021-06-30 18:33:34.769243; -651; 29;-; -; -; -138.02922897789068; moved
2021-06-30 18:33:34.769243; -648; 27;-; -; -; -136.5973905030163; moved
2021-06-30 18:33:34.784845; -643; 25;-; -; -; -133.99414303047996; moved
2021-06-30 18:33:34.784845; -637; 22;-; -; -; -131.42829773840694; moved
2021-06-30 18:33:34.800503; -630; 20;-; -; -; -128.2897668475401; moved
2021-06-30 18:33:34.800503; -606; 15;-; -; -; -120.05878623121563; moved
2021-06-30 18:33:34.800503; -594; 13;-; -; -; -116.08520938195554; moved
2021-06-30 18:33:34.800503; -581; 10;-; -; -; -111.54397869708686; moved
2021-06-30 18:33:34.816088; -568; 8;-; -; -; -106.8140889478784; moved
2021-06-30 18:33:34.816088; -553; 6;-; -; -; -102.01028071477276; moved
2021-06-30 18:33:34.816088; -532; 3;-; -; -; -95.22843379744714; moved
2021-06-30 18:33:34.831721; -515; 2;-; -; -; -89.74559515114959; moved
2021-06-30 18:33:34.831721; -501; 1;-; -; -; -85.525582839967; moved
2021-06-30 18:33:34.831721; -484; -2;-; -; -; -81.02423637470558; moved
2021-06-30 18:33:34.831721; -469; -3;-; -; -; -77.08555821760183; moved
2021-06-30 18:33:34.847379; -454; -4;-; -; -; -72.82607173368066; moved
2021-06-30 18:33:34.847379; -442; -5;-; -; -; -69.74496869879417; moved
2021-06-30 18:33:34.847379; -430; -6;-; -; -; -66.66386566390769; moved
2021-06-30 18:33:34.847379; -420; -7;-; -; -; -64.14296318081874; moved
2021-06-30 18:33:34.862997; -409; -8;-; -; -; -61.07478230604992; moved
2021-06-30 18:33:34.862997; -398; -9;-; -; -; -58.28597946102481; moved
2021-06-30 18:33:34.862997; -389; -9;-; -; -; -55.77605690050221; moved
2021-06-30 18:33:34.862997; -378; -10;-; -; -; -52.9872540554771; moved
2021-06-30 18:33:34.878618; -369; -11;-; -; -; -50.53605706020649; moved
2021-06-30 18:33:34.878618; -358; -13;-; -; -; -48.03702127151496; moved
2021-06-30 18:33:34.878618; -347; -14;-; -; -; -45.260314839635484; moved
2021-06-30 18:33:34.878618; -335; -15;-; -; -; -42.205937764568056; moved
2021-06-30 18:33:34.894195; -323; -15;-; -; -; -38.7064738789361; moved
2021-06-30 18:33:34.894195; -311; -15;-; -; -; -35.38877611788443; moved
2021-06-30 18:33:34.894195; -299; -15;-; -; -; -32.07107835683277; moved
2021-06-30 18:33:34.894195; -286; -15;-; -; -; -28.47690578236013; moved
2021-06-30 18:33:34.909816; -274; -15;-; -; -; -25.05101736035503; moved
2021-06-30 18:33:34.909816; -261; -15;-; -; -; -21.472300594590028; moved
2021-06-30 18:33:34.909816; -248; -15;-; -; -; -17.893583828825022; moved
2021-06-30 18:33:34.909816; -235; -15;-; -; -; -14.314867063060017; moved
2021-06-30 18:33:34.925457; -223; -15;-; -; -; -10.964227016513222; moved
2021-06-30 18:33:34.925457; -212; -15;-; -; -; -7.949064586972086; moved
2021-06-30 18:33:34.925457; -203; -16;-; -; -; -5.756219183669442; moved
2021-06-30 18:33:34.925457; -193; -16;-; -; -; -3.015162429541136; moved
2021-06-30 18:33:34.941078; -185; -16;-; -; -; -0.8188110372452577; moved
2021-06-30 18:33:34.941078; -180; -16;-; -; -; 0.5458740248301718; moved
2021-06-30 18:33:34.941078; -175; -17;-; -; -; 1.6376220744905154; moved
2021-06-30 18:33:34.941078; -174; -17;-; -; -; 1.9105590869056013; moved
2021-06-30 18:33:34.956680; -174; -17;-; -; -; 1.902457730786468; moved
2021-06-30 18:33:34.956680; -173; -18;-; -; -; 1.902457730786468; moved
2021-06-30 18:33:34.972310; -172; -18;-; -; -; 2.1650404957293223; moved
2021-06-30 18:33:34.972310; -171; -18;-; -; -; 2.4356705576954876; moved
2021-06-30 18:33:34.987923; -171; -18;-; -; -; 2.4254223064472575; moved
2021-06-30 18:33:34.987923; -169; -20;-; -; -; 2.4254223064472575; moved
2021-06-30 18:33:34.987923; -169; -20;-; -; -; 2.4254223064472575; moved
2021-06-30 18:33:35.003679; -168; -21;-; -; -; 2.4151672503320856; moved
2021-06-30 18:33:35.003679; -168; -21;-; -; -; 2.4151672503320856; moved
2021-06-30 18:33:35.003679; -166; -22;-; -; -; 2.6835191670356506; moved
2021-06-30 18:33:35.019291; -166; -22;-; -; -; 2.6723234409264194; moved
2021-06-30 18:33:35.019291; -165; -23;-; -; -; 2.6723234409264194; moved
2021-06-30 18:33:35.019291; -165; -23;-; -; -; 2.6723234409264194; moved
2021-06-30 18:33:35.097408; -164; -24;-; -; -; 2.61767838627457; moved
2021-06-30 18:33:35.097408; -163; -24;-; -; -; 2.879446224902027; moved
2021-06-30 18:33:35.097408; -163; -24;-; -; -; 2.879446224902027; moved
2021-06-30 18:33:35.112931; -162; -24;-; -; -; 3.1285016406384023; moved
2021-06-30 18:33:35.158963; -162; -24;-; -; -; 3.0914019353206585; moved
2021-06-30 18:33:35.158963; -161; -24;-; -; -; 3.3490187632640467; moved
2021-06-30 18:33:35.174513; -159; -24;-; -; -; 3.8488342137755422; moved
2021-06-30 18:33:35.174513; -158; -23;-; -; -; 4.362012108945614; moved
2021-06-30 18:33:35.174513; -157; -23;-; -; -; 4.61860105653065; moved
2021-06-30 18:33:35.174513; -156; -23;-; -; -; 4.875190004115686; moved
2021-06-30 18:33:35.190132; -153; -22;-; -; -; 5.877988797575611; moved
2021-06-30 18:33:35.190132; -151; -21;-; -; -; 6.6446829885637335; moved
2021-06-30 18:33:35.190132; -148; -20;-; -; -; 7.666941909881231; moved
2021-06-30 18:33:35.190132; -143; -19;-; -; -; 9.200330291857478; moved
2021-06-30 18:33:35.205713; -140; -19;-; -; -; 9.927493659131613; moved
2021-06-30 18:33:35.205713; -136; -18;-; -; -; 11.20024925645618; moved
2021-06-30 18:33:35.205713; -134; -18;-; -; -; 11.709351495386006; moved
2021-06-30 18:33:35.205713; -131; -18;-; -; -; 12.473004853780745; moved
2021-06-30 18:33:35.221351; -127; -17;-; -; -; 13.69126005737145; moved
2021-06-30 18:33:35.221351; -123; -17;-; -; -; 14.705427469028594; moved
2021-06-30 18:33:35.221351; -117; -17;-; -; -; 16.22667858651431; moved
2021-06-30 18:33:35.221351; -113; -17;-; -; -; 17.240845998171455; moved
2021-06-30 18:33:35.236975; -110; -17;-; -; -; 17.930443013263982; moved
2021-06-30 18:33:35.236975; -107; -17;-; -; -; 18.68806736593711; moved
2021-06-30 18:33:35.236975; -106; -17;-; -; -; 18.94060881682815; moved
2021-06-30 18:33:35.236975; -104; -17;-; -; -; 19.445691718610234; moved
2021-06-30 18:33:35.252574; -103; -17;-; -; -; 19.620938560049506; moved
2021-06-30 18:33:35.252574; -101; -17;-; -; -; 20.124039548768724; moved
2021-06-30 18:33:35.252574; -101; -17;-; -; -; 20.124039548768724; moved
2021-06-30 18:33:35.252574; -100; -17;-; -; -; 20.375590043128334; moved
2021-06-30 18:33:35.268196; -100; -17;-; -; -; 20.295833065019078; moved
2021-06-30 18:33:35.268196; -99; -17;-; -; -; 20.54639890532796; moved
2021-06-30 18:33:35.283817; -99; -17;-; -; -; 20.466292017047923; moved
2021-06-30 18:33:35.283817; -98; -17;-; -; -; 20.715880944085093; moved
2021-06-30 18:33:35.283817; -97; -17;-; -; -; 20.965469871122263; moved
2021-06-30 18:33:35.283817; -96; -17;-; -; -; 21.215058798159433; moved
2021-06-30 18:33:35.299485; -94; -17;-; -; -; 21.62965261286204; moved
2021-06-30 18:33:35.299485; -93; -17;-; -; -; 21.878269309561603; moved
2021-06-30 18:33:35.299485; -91; -17;-; -; -; 22.375502702960727; moved
2021-06-30 18:33:35.299485; -89; -17;-; -; -; 22.872736096359855; moved
2021-06-30 18:33:35.315104; -88; -17;-; -; -; 23.03191654025942; moved
2021-06-30 18:33:35.315104; -87; -17;-; -; -; 23.27957155682135; moved
2021-06-30 18:33:35.315104; -86; -17;-; -; -; 23.527226573383277; moved
2021-06-30 18:33:35.315104; -83; -17;-; -; -; 24.270191623069067; moved
2021-06-30 18:33:35.330729; -82; -17;-; -; -; 24.423337856173678; moved
2021-06-30 18:33:35.330729; -81; -17;-; -; -; 24.670038238559272; moved
2021-06-30 18:33:35.330729; -80; -17;-; -; -; 24.916738620944866; moved
2021-06-30 18:33:35.330729; -78; -17;-; -; -; 25.41013938571605; moved
2021-06-30 18:33:35.346302; -76; -17;-; -; -; 25.80440311589396; moved
2021-06-30 18:33:35.346302; -75; -18;-; -; -; 25.80440311589396; moved
2021-06-30 18:33:35.346302; -74; -18;-; -; -; 26.050159336045333; moved
2021-06-30 18:33:35.346302; -73; -18;-; -; -; 26.295915556196704; moved
2021-06-30 18:33:35.361929; -72; -18;-; -; -; 26.440130242123047; moved
2021-06-30 18:33:35.361929; -72; -18;-; -; -; 26.440130242123047; moved
2021-06-30 18:33:35.361929; -71; -18;-; -; -; 26.684946262883443; moved
2021-06-30 18:33:35.565136; -71; -18;Button.left;  ;   ;   ; clicked
