timeInMsSinceStart;x;y;button;dx;dy;pace;Action;user;programm
29645.613;515;1049;0;0;0;0;2;1;3
30123.141;515;1048;0;0;0;0;1;1;3
30133.251;518;1044;0;0;0;72814.05742429859;1;1;3
30143.397;525;1033;0;0;0;37339.54318745164;1;1;3
30153.509;541;1010;0;0;0;26263.3378678024;1;1;3
30163.492;558;985;0;0;0;20803.57499896454;1;1;3
30173.505;583;954;0;0;0;17684.755478335355;1;1;3
30183.437;608;912;0;0;0;15746.428966554891;1;1;3
30194.419;629;882;0;0;0;13897.39637459005;1;1;3
30204.638;643;862;0;0;0;12476.84518548085;1;1;3
30213.966;665;837;0;0;0;11574.762388385227;1;1;3
30224.663;687;811;0;0;0;10689.844054173182;1;1;3
30234.875;716;773;0;0;0;10120.256360671989;1;1;3
30245.221;738;740;0;0;0;9554.685655479254;1;1;3
30255.274;751;725;0;0;0;8960.825020144479;1;1;3
30265.249;780;696;0;0;0;8582.461376092855;1;1;3
30275.323;813;657;0;0;0;8293.23584702413;1;1;3
30285.649;840;629;0;0;0;7960.430514869853;1;1;3
30295.271;870;598;0;0;0;7713.438686889757;1;1;3
30306.076;906;565;0;0;0;7465.500232621853;1;1;3
30315.799;935;536;0;0;0;7249.052647982464;1;1;3
30326.035;972;497;0;0;0;7076.228018075825;1;1;3
30336.486;1005;463;0;0;0;6887.513421359648;1;1;3
30346.347;1036;435;0;0;0;6716.664366337882;1;1;3
30356.87;1056;416;0;0;0;6496.511752036536;1;1;3
30366.035;1069;403;0;0;0;6303.053484493246;1;1;3
30376.868;1079;393;0;0;0;6071.717495183787;1;1;3
30386.913;1085;387;0;0;0;5862.187883187786;1;1;3
30397.099;1092;378;0;0;0;5670.279708447522;1;1;3
30620.573;1093;378;0;0;0;3124.289585034179;1;1;3
30630.926;1099;371;0;0;0;3072.2225457235345;1;1;3
30640.859;1117;351;0;0;0;3046.7260575486507;1;1;3
30651.185;1151;317;0;0;0;3046.4824625140745;1;1;3
30661.219;1203;259;0;0;0;3078.361881801765;1;1;3
30671.554;1257;198;0;0;0;3107.5528904794637;1;1;3
30680.984;1321;139;0;0;0;3150.753806460299;1;1;3
30690.956;1392;72;0;0;0;3197.3290482553202;1;1;3
30700.892;1455;18;0;0;0;3228.9644778978586;1;1;3
30711.256;1505;-21;0;0;0;3238.755370770199;1;1;3
30721.301;1551;-35;0;0;0;3245.1337752067075;1;1;3
30732.279;1589;-26;0;0;0;3236.9412155824275;1;1;3
30742.475;1612;-20;0;0;0;3213.767025371264;1;1;3
30752.922;1642;-23;0;0;0;3199.1068440680438;1;1;3
30762.136;1664;-14;0;0;0;3181.2275196404494;1;1;3
30772.99;1675;-7;0;0;0;3142.020118848568;1;1;3
30782.97;1684;-4;0;0;0;3105.7079927871546;1;1;3
30792.867;1691;-4;0;0;0;3068.4077628867362;1;1;3
30803.049;1694;-2;0;0;0;3026.092797857718;1;1;3
30813.382;1697;-2;0;0;0;2984.3713078206392;1;1;3
31148.859;1697;0;0;0;0;2008.2872746558155;1;1;3
31159.008;1696;0;0;0;0;1987.8156877026513;1;1;3
31168.988;1696;1;0;0;0;1968.8467148162474;1;1;3
31179.38;1695;2;0;0;0;1948.6954407667658;1;1;3
31189.452;1694;3;0;0;0;1929.515391773893;1;1;3
31199.539;1693;4;0;0;0;1910.6673549434897;1;1;3
31209.416;1692;5;0;0;0;1892.53478270967;1;1;3
31219.549;1691;5;0;0;0;1874.2933904320805;1;1;3
31229.521;1691;6;0;0;0;1857.3976311967062;1;1;3
31239.6;1690;7;0;0;0;1839.8898924843652;1;1;3
31250.148;1690;7;0;0;0;1822.669805487634;1;1;3
31260.52;1689;8;0;0;0;1805.3220039202936;1;1;3
31280.511;1689;8;0;0;0;1774.1390700440304;1;1;3
31291.16;1688;8;0;0;0;1757.2598135325525;1;1;3
31310.449;1688;9;0;0;0;1728.7078911900865;1;1;3
31321.465;1688;9;0;0;0;1712.8161572939534;1;1;3
31341.494;1688;9;0;0;0;1684.6584765442522;1;1;3
31392.517;1687;9;0;0;0;1616.2952344635855;1;1;3
31747.248;1687;9;0;0;0;0;2;1;3
32264.846;1686;10;0;0;0;957.5826623578852;1;1;3
32277.811;1684;11;0;0;0;951.0554190252448;1;1;3
32285.789;1681;12;0;0;0;946.4047479131291;1;1;3
32295.77;1674;14;0;0;0;939.4067562898407;1;1;3
32305.738;1659;20;0;0;0;929.4649138544386;1;1;3
32315.71;1645;26;0;0;0;919.9920292769787;1;1;3
32325.683;1629;30;0;0;0;909.8865639118284;1;1;3
32335.658;1609;35;0;0;0;898.4151480794563;1;1;3
32346.629;1587;43;0;0;0;885.9210234748192;1;1;3
32356.601;1568;50;0;0;0;875.0518282085599;1;1;3
32366.574;1555;53;0;0;0;866.484281703549;1;1;3
32376.547;1544;57;0;0;0;858.6990868122332;1;1;3
32386.52;1534;59;0;0;0;851.3676082936474;1;1;3
32396.508;1525;62;0;0;0;844.4374026928471;1;1;3
32406.631;1515;62;0;0;0;837.219296482784;1;1;3
32416.605;1510;62;0;0;0;831.8517564225427;1;1;3
36427.981;1508;62;0;0;0;302.345419039074;1;1;3
36437.954;1506;62;0;0;0;301.61743697417796;1;1;3
36447.926;1503;62;0;0;0;300.76698558179845;1;1;3
36457.899;1500;62;0;0;0;299.9194449819203;1;1;3
36468.872;1493;63;0;0;0;298.52548520026164;1;1;3
36478.844;1478;63;0;0;0;296.2006164150955;1;1;3
36488.816;1450;64;0;0;0;292.2906125183392;1;1;3
36498.79;1408;68;0;0;0;286.7066853294803;1;1;3
36508.764;1343;74;0;0;0;278.4563924179518;1;1;3
36518.737;1284;84;0;0;0;271.0507027077979;1;1;3
36529.707;1226;94;0;0;0;263.8689299174584;1;1;3
36539.68;1169;106;0;0;0;256.9757280928456;1;1;3
36549.654;1124;116;0;0;0;251.55422986495861;1;1;3
36559.628;1089;124;0;0;0;247.32086118567474;1;1;3
36569.6;1051;135;0;0;0;242.80263588410833;1;1;3
36580.571;1025;140;0;0;0;239.63630287680988;1;1;3
36590.545;1002;141;0;0;0;236.91189650852988;1;1;3
36600.518;986;141;0;0;0;234.9391946469262;1;1;3
36610.492;980;141;0;0;0;233.9797997960605;1;1;3
36844.542;975;143;0;0;0;225.32478969097554;1;1;3
36854.515;949;150;0;0;0;222.42225739687143;1;1;3
36864.499;867;161;0;0;0;214.41378300884526;1;1;3
36874.724;782;172;0;0;0;206.5886922532858;1;1;3
36884.669;697;181;0;0;0;199.3343089088004;1;1;3
36895.638;623;191;0;0;0;193.3773706420751;1;1;3
36905.61;556;208;0;0;0;188.20283961782982;1;1;3
36915.582;502;224;0;0;0;184.19626730365633;1;1;3
36925.555;442;243;0;0;0;180.03626109824182;1;1;3
36935.082;401;256;0;0;0;177.30709175395893;1;1;3
36945.887;380;260;0;0;0;175.9023530268156;1;1;3
36955.703;365;261;0;0;0;174.93501943098315;1;1;3
36966.16;352;261;0;0;0;174.09696150469452;1;1;3
36975.742;343;260;0;0;0;173.5019832487525;1;1;3
36985.715;338;260;0;0;0;173.0410561125659;1;1;3
37189.567;338;260;0;0;0;168.049174025262;1;1;3
37199.658;337;260;0;0;0;167.76937153601457;1;1;3
37209.654;335;260;0;0;0;167.45282876046113;1;1;3
37219.726;332;260;0;0;0;167.09631788624662;1;1;3
37229.732;328;263;0;0;0;166.6111306502621;1;1;3
37240.669;322;266;0;0;0;166.02924743206663;1;1;3
37250.641;315;269;0;0;0;165.43658640487655;1;1;3
37260.819;309;272;0;0;0;164.88153092415288;1;1;3
37270.95;302;276;0;0;0;164.2628769488742;1;1;3
37280.927;297;279;0;0;0;163.75643597294362;1;1;3
37290.9;291;283;0;0;0;163.1844829941836;1;1;3
37300.9;285;287;0;0;0;162.6151687965069;1;1;3
37310.845;281;289;0;0;0;162.18645864635062;1;1;3
37321.814;277;290;0;0;0;161.77175571755973;1;1;3
37331.805;275;291;0;0;0;161.44715370074724;1;1;3
37341.794;272;293;0;0;0;161.05648171889436;1;1;3
37351.772;270;293;0;0;0;160.76966293064532;1;1;3
37361.741;268;294;0;0;0;160.44937713922667;1;1;3
37372.401;267;294;0;0;0;160.18166251075803;1;1;3
37382.621;266;295;0;0;0;159.8895921888147;1;1;3
37393.096;264;295;0;0;0;159.59639253151988;1;1;3
37403.03;264;295;0;0;0;159.37861028739388;1;1;3
37413.081;263;295;0;0;0;159.12771094007564;1;1;3
37423.23;262;295;0;0;0;158.87548166192616;1;1;3
37433.427;262;295;0;0;0;158.65386881579312;1;1;3
37727.976;261;295;0;0;0;152.47926683794813;1;1;3
37738.112;260;295;0;0;0;152.24680344663554;1;1;3
37748.088;259;295;0;0;0;152.01825535597462;1;1;3
37758.422;258;295;0;0;0;151.78329478601813;1;1;3
37768.804;257;295;0;0;0;151.54812520354048;1;1;3
37778.903;256;295;0;0;0;151.31929401236468;1;1;3
37789.008;256;295;0;0;0;151.11982779856328;1;1;3
37799.269;254;295;0;0;0;150.86045716897874;1;1;3
37810.047;253;295;0;0;0;150.62045136584695;1;1;3
37819.197;252;295;0;0;0;150.4130356831561;1;1;3
37830.048;251;295;0;0;0;150.17306723628133;1;1;3
37839.567;250;294;0;0;0;149.99274012393914;1;1;3
37849.918;250;294;0;0;0;149.79180578184244;1;1;3
37860.076;249;294;0;0;0;149.56727589323248;1;1;3
37880.603;248;294;0;0;0;149.14382150652523;1;1;3
38144.068;248;294;0;0;0;0;2;1;3
42449.44;249;294;0;0;0;93.87994658518397;1;1;3
42458.993;252;293;0;0;0;93.8804216740477;1;1;3
42469.937;256;291;0;0;0;93.9090387175257;1;1;3
42479.985;267;288;0;0;0;94.09369944221326;1;1;3
42489.532;279;286;0;0;0;94.28844023052885;1;1;3
42499.927;304;282;0;0;0;94.79114367217839;1;1;3
42510.085;333;277;0;0;0;95.44234457939992;1;1;3
42520.463;372;273;0;0;0;96.37014905795641;1;1;3
42530.668;430;269;0;0;0;97.91922187463943;1;1;3
42540.797;479;265;0;0;0;99.3742734491685;1;1;3
42551.129;555;265;0;0;0;101.821492618127;1;1;3
42561.071;617;265;0;0;0;104.02284094093494;1;1;3
42571.082;704;269;0;0;0;107.38373519559995;1;1;3
42581.142;761;271;0;0;0;109.74394562041527;1;1;3
42591.121;824;275;0;0;0;112.48453962591452;1;1;3
42601.046;857;277;0;0;0;113.93790617265282;1;1;3
42612.016;887;277;0;0;0;115.30175744980082;1;1;3
42622.159;906;277;0;0;0;116.15072113891557;1;1;3
42631.001;917;277;0;0;0;116.61946979804966;1;1;3
42896.131;922;277;0;0;0;114.44528407101829;1;1;3
42906.354;934;277;0;0;0;114.94814981058882;1;1;3
42916.397;968;277;0;0;0;116.56525444509288;1;1;3
42926.484;1020;277;0;0;0;119.14984282167481;1;1;3
42936.631;1085;275;0;0;0;122.5328094252625;1;1;3
42946.597;1136;275;0;0;0;125.2189507207358;1;1;3
42956.572;1193;275;0;0;0;128.30223849604326;1;1;3
42966.572;1258;275;0;0;0;131.91533904078548;1;1;3
42976.517;1320;275;0;0;0;135.43343305923716;1;1;3
42987.653;1380;276;0;0;0;138.87412039676983;1;1;3
42997.556;1424;280;0;0;0;141.37642222782904;1;1;3
43007.678;1479;286;0;0;0;144.5586968167869;1;1;3
43017.987;1513;291;0;0;0;146.48639715675338;1;1;3
43027.983;1527;295;0;0;0;147.19552111407128;1;1;3
43037.345;1540;298;0;0;0;147.86318101989093;1;1;3
43047.314;1549;300;0;0;0;148.2871652422693;1;1;3
43322.735;1549;300;0;0;0;145.19302466959783;1;1;3
43332.817;1551;300;0;0;0;145.20460884097344;1;1;3
43342.704;1554;300;0;0;0;145.27957378368657;1;1;3
43352.793;1559;297;0;0;0;145.5099282840488;1;1;3
43363.01;1566;294;0;0;0;145.86081915323885;1;1;3
43373.304;1574;292;0;0;0;146.26034608256504;1;1;3
43383.06;1580;289;0;0;0;146.55430604376323;1;1;3
43393.405;1586;287;0;0;0;146.83018373692104;1;1;3
43403.989;1593;284;0;0;0;147.175508915142;1;1;3
43413.774;1598;282;0;0;0;147.39566002544714;1;1;3
43424.285;1603;280;0;0;0;147.60750428702605;1;1;3
43434.291;1606;279;0;0;0;147.6912960985865;1;1;3
43444.346;1611;277;0;0;0;147.90778117340741;1;1;3
43454.415;1615;276;0;0;0;148.0520065002016;1;1;3
43464.581;1620;273;0;0;0;148.27721246478578;1;1;3
43474.566;1626;270;0;0;0;148.5653157376449;1;1;3
43485.014;1631;267;0;0;0;148.78637424380392;1;1;3
43494.457;1636;263;0;0;0;149.02801489261176;1;1;3
43505.389;1642;259;0;0;0;149.31363896104978;1;1;3
43515.377;1648;255;0;0;0;149.60897957798886;1;1;3
43525.389;1655;251;0;0;0;149.96468694969963;1;1;3
43535.447;1661;246;0;0;0;150.26677924469118;1;1;3
43545.415;1667;241;0;0;0;150.5686942465559;1;1;3
43555.73;1673;237;0;0;0;150.85684791850832;1;1;3
43566.07;1679;232;0;0;0;151.1524455226048;1;1;3
43575.38;1684;228;0;0;0;151.3886929439839;1;1;3
43586.595;1689;224;0;0;0;151.60272201060025;1;1;3
43596.464;1695;220;0;0;0;151.89259430376268;1;1;3
43607.02;1699;217;0;0;0;152.04318779285765;1;1;3
43616.979;1703;215;0;0;0;152.19231495716815;1;1;3
43627.012;1705;212;0;0;0;152.22515510936591;1;1;3
43637.21;1708;211;0;0;0;152.30206318352413;1;1;3
43647.567;1711;208;0;0;0;152.39210662129602;1;1;3
43657.604;1714;207;0;0;0;152.470587183523;1;1;3
43667.977;1716;205;0;0;0;152.4912128772497;1;1;3
43677.615;1721;203;0;0;0;152.70393302517482;1;1;3
43687.6;1724;202;0;0;0;152.7826721698462;1;1;3
43697.984;1727;199;0;0;0;152.87104773466518;1;1;3
43707.689;1731;197;0;0;0;153.02099127629234;1;1;3
43718.619;1733;194;0;0;0;153.04122757053236;1;1;3
43728.843;1737;192;0;0;0;153.18479354538593;1;1;3
43739.16;1740;189;0;0;0;153.2725114095732;1;1;3
43749.052;1745;185;0;0;0;153.49356534804627;1;1;3
43759.251;1750;181;0;0;0;153.71043534728352;1;1;3
43769.409;1756;177;0;0;0;153.988275071608;1;1;3
43779.53;1762;174;0;0;0;154.25978797544997;1;1;3
43789.727;1769;169;0;0;0;154.60305010088322;1;1;3
43799.664;1777;165;0;0;0;155.0038296743377;1;1;3
43809.769;1785;160;0;0;0;155.40759030008675;1;1;3
43819.995;1791;157;0;0;0;155.675648901481;1;1;3
43829.912;1796;153;0;0;0;155.8907121427214;1;1;3
43840.412;1800;150;0;0;0;156.03204547487678;1;1;3
43850.377;1803;148;0;0;0;156.1127455104917;1;1;3
43860.55;1805;147;0;0;0;156.1246547273421;1;1;3
44176.546;1805;146;0;0;0;152.6189946330556;1;1;3
44185.448;1805;146;0;0;0;152.5223807353343;1;1;3
44195.864;1805;145;0;0;0;152.41431094524188;1;1;3
44206.028;1807;143;0;0;0;152.43336745831965;1;1;3
44216.25;1808;142;0;0;0;152.38724592479895;1;1;3
44225.694;1810;141;0;0;0;152.40927686751616;1;1;3
44236.473;1812;138;0;0;0;152.426014307053;1;1;3
44246.539;1814;135;0;0;0;152.45014152541577;1;1;3
44256.975;1818;132;0;0;0;152.58922766528937;1;1;3
44266.943;1822;129;0;0;0;152.73297719258727;1;1;3
44277.037;1827;124;0;0;0;152.94276654420585;1;1;3
44287.557;1830;119;0;0;0;153.02775956644265;1;1;3
44297.362;1835;115;0;0;0;153.23504119353666;1;1;3
44307.672;1840;109;0;0;0;153.44335291827588;1;1;3
44317.778;1845;104;0;0;0;153.64920759741787;1;1;3
44327.801;1852;96;0;0;0;153.98364365988576;1;1;3
44337.976;1858;88;0;0;0;154.2545926377956;1;1;3
44348.065;1863;82;0;0;0;154.45946102412347;1;1;3
44358.113;1867;78;0;0;0;154.59898041680455;1;1;3
44368.37;1871;73;0;0;0;154.7379748190025;1;1;3
44378.57;1873;69;0;0;0;154.7553907557763;1;1;3
44388.7;1876;65;0;0;0;154.83258772188373;1;1;3
44398.51;1879;62;0;0;0;154.91075212620274;1;1;3
44408.613;1881;60;0;0;0;154.92403016463888;1;1;3
44419.079;1882;58;0;0;0;154.87379483875668;1;1;3
44429.606;1883;57;0;0;0;154.82106945606583;1;1;3
44439.485;1884;55;0;0;0;154.77715223411806;1;1;3
44449.38;1884;55;0;0;0;154.67024909496504;1;1;3
44459.664;1884;54;0;0;0;154.56101526104885;1;1;3
44469.969;1885;54;0;0;0;154.50926462774555;1;1;3
44480.379;1885;53;0;0;0;154.39891563199683;1;1;3
44499.822;1885;53;0;0;0;154.1901067896338;1;1;3
44509.796;1885;53;0;0;0;154.08320965995912;1;1;3
44530.746;1885;52;0;0;0;153.86080212150873;1;1;3
44581.554;1886;52;0;0;0;153.37894016111184;1;1;3
44602.077;1886;51;0;0;0;153.16313887749146;1;1;3
44611.931;1887;51;0;0;0;153.117672465703;1;1;3
44632.094;1887;50;0;0;0;152.90645470837575;1;1;3
44641.986;1888;49;0;0;0;152.86240059304862;1;1;3
44652.488;1888;49;0;0;0;152.75190967208513;1;1;3
44662.296;1889;48;0;0;0;152.70888116299705;1;1;3
44673.119;1889;47;0;0;0;152.5967590405636;1;1;3
44682.854;1890;47;0;0;0;152.5531679687637;1;1;3
44692.739;1891;47;0;0;0;152.5080735277541;1;1;3
44703.826;1891;45;0;0;0;152.39494764179443;1;1;3
44713.77;1892;45;0;0;0;152.34941657292376;1;1;3
44724.617;1892;45;0;0;0;152.2362407459343;1;1;3
44733.81;1892;44;0;0;0;152.14182421228537;1;1;3
44753.985;1893;44;0;0;0;151.9902091323245;1;1;3
44774.209;1894;43;0;0;0;151.8398468907878;1;1;3
44805.101;1894;42;0;0;0;151.52166510778386;1;1;3
44855.813;1894;42;0;0;0;151.0001054965371;1;1;3
46317.233;1894;42;0;0;0;0;2;1;3
47088.822;1894;42;0;0;0;131.12559562129442;1;1;3
47099.639;1894;42;0;0;0;131.0420456707784;1;1;3
47109.694;1894;43;0;0;0;130.9633521236781;1;1;3
47120.13;1893;44;0;0;0;130.831704329656;1;1;3
47130.14;1892;45;0;0;0;130.70347188131086;1;1;3
47140.063;1890;47;0;0;0;130.5248001293061;1;1;3
47150.348;1890;47;0;0;0;130.44595880381274;1;1;3
47160.155;1889;49;0;0;0;130.31839081018927;1;1;3
47170.487;1888;50;0;0;0;130.18819451164885;1;1;3
47180.771;1886;51;0;0;0;130.00864043635082;1;1;3
47190.395;1885;53;0;0;0;129.88275551945844;1;1;3
47201.184;1884;54;0;0;0;129.7495005834906;1;1;3
47211.132;1882;56;0;0;0;129.57156035586505;1;1;3
47221.368;1881;58;0;0;0;129.44126965682543;1;1;3
47231.335;1880;60;0;0;0;129.3130673493934;1;1;3
47241.401;1878;62;0;0;0;129.13453392504107;1;1;3
47251.796;1877;64;0;0;0;129.00324099010612;1;1;3
47261.234;1876;66;0;0;0;128.87920263954646;1;1;3
47271.796;1875;68;0;0;0;128.74676060456608;1;1;3
47282.144;1874;70;0;0;0;128.6159845520801;1;1;3
47292.346;1873;72;0;0;0;128.48635757201143;1;1;3
47302.698;1871;74;0;0;0;128.30625037581024;1;1;3
47312.23;1869;77;0;0;0;128.13036944118417;1;1;3
47322.636;1868;79;0;0;0;127.99939335693175;1;1;3
47333.156;1867;81;0;0;0;127.86762712198743;1;1;3
47342.933;1865;82;0;0;0;127.69435103660705;1;1;3
47353.319;1863;85;0;0;0;127.51232640245439;1;1;3
47363.14;1860;88;0;0;0;127.28530615670266;1;1;3
47373.479;1857;92;0;0;0;127.0521215532581;1;1;3
47384.154;1850;98;0;0;0;126.61501236985548;1;1;3
47393.652;1844;105;0;0;0;126.23256573563143;1;1;3
47404.183;1837;115;0;0;0;125.7839254691222;1;1;3
47414.324;1831;123;0;0;0;125.39164993293323;1;1;3
47424.452;1825;130;0;0;0;125.00185695050156;1;1;3
47434.386;1817;139;0;0;0;124.50796578315313;1;1;3
47444.646;1808;148;0;0;0;123.96179935528636;1;1;3
47454.998;1795;163;0;0;0;123.19383771341568;1;1;3
47465.057;1778;183;0;0;0;122.20532057299012;1;1;3
47475.094;1760;208;0;0;0;121.13171265864106;1;1;3
47485.396;1742;231;0;0;0;120.05364928333499;1;1;3
47495.383;1732;241;0;0;0;119.43852371015394;1;1;3
47505.491;1720;252;0;0;0;118.71784676903674;1;1;3
47515.775;1710;262;0;0;0;118.09693669319833;1;1;3
47525.605;1701;270;0;0;0;117.54026104039559;1;1;3
47536.11;1694;277;0;0;0;117.08135016171063;1;1;3
47545.484;1689;283;0;0;0;116.73259982052151;1;1;3
47556.438;1682;292;0;0;0;116.2527911562068;1;1;3
47566.303;1677;298;0;0;0;115.89907602691572;1;1;3
47576.68;1673;303;0;0;0;115.59746951318925;1;1;3
47586.577;1670;307;0;0;0;115.35487586288808;1;1;3
47596.89;1668;311;0;0;0;115.15677968384483;1;1;3
47606.799;1666;313;0;0;0;114.97895465759748;1;1;3
47616.55;1666;314;0;0;0;114.90594908287972;1;1;3
47627.06;1666;314;0;0;0;114.83695530355172;1;1;3
47637.343;1665;315;0;0;0;114.71327641213509;1;1;3
48064.138;1665;315;0;0;0;111.98438387587765;1;1;3
48084.336;1664;315;0;0;0;111.8123180893447;1;1;3
48104.76;1664;315;0;0;0;111.68531869153428;1;1;3
48114.65;1663;315;0;0;0;111.57787588223947;1;1;3
48124.974;1662;315;0;0;0;111.46787240786246;1;1;3
48145.586;1662;315;0;0;0;111.34038827426843;1;1;3
48155.605;1661;315;0;0;0;111.23259950746224;1;1;3
48195.89;1661;315;0;0;0;110.98465685794288;1;1;3
48226.484;1660;315;0;0;0;110.7513581999384;1;1;3
48236.723;1659;314;0;0;0;110.65171316793577;1;1;3
48246.781;1659;313;0;0;0;110.59893529131529;1;1;3
48256.649;1658;312;0;0;0;110.50171158049064;1;1;3
48266.563;1658;312;0;0;0;110.44133080069015;1;1;3
48277.592;1657;312;0;0;0;110.32866348039556;1;1;3
48287.213;1657;311;0;0;0;110.27878710951303;1;1;3
48297.547;1657;311;0;0;0;110.2160823924516;1;1;3
48317.82;1657;310;0;0;0;110.1017958026217;1;1;3
48338.534;1657;310;0;0;0;109.97659133416717;1;1;3
48358.048;1657;309;0;0;0;109.86737270643302;1;1;3
48367.969;1657;308;0;0;0;109.81606975411285;1;1;3
48378.447;1656;308;0;0;0;109.70773985531065;1;1;3
48388.894;1656;308;0;0;0;109.64499309867443;1;1;3
48399.243;1656;307;0;0;0;109.59130643677258;1;1;3
48409.011;1656;307;0;0;0;109.53276462928548;1;1;3
48419.312;1656;306;0;0;0;109.47945976623896;1;1;3
48429.523;1656;303;0;0;0;109.44330334432343;1;1;3
48439.836;1656;300;0;0;0;109.40632712370645;1;1;3
48449.691;1656;296;0;0;0;109.37994648774054;1;1;3
48459.744;1656;293;0;0;0;109.34401293465952;1;1;3
48470.225;1656;290;0;0;0;109.30531894163177;1;1;3
48480.312;1656;287;0;0;0;109.26876473901356;1;1;3
48490.369;1656;283;0;0;0;109.239872888298;1;1;3
48500.587;1656;277;0;0;0;109.22468682129596;1;1;3
48510.949;1656;267;0;0;0;109.23680520353776;1;1;3
48520.652;1656;258;0;0;0;109.24310543710223;1;1;3
48531.133;1656;249;0;0;0;109.24255619118388;1;1;3
48541.396;1656;242;0;0;0;109.22807269476503;1;1;3
48551.332;1657;235;0;0;0;109.25885622526843;1;1;3
48561.584;1657;231;0;0;0;109.22320862133046;1;1;3
48571.591;1657;229;0;0;0;109.17634301814226;1;1;3
48581.822;1657;227;0;0;0;109.1280949395474;1;1;3
48592.045;1657;226;0;0;0;109.07377785448013;1;1;3
48602.228;1657;226;0;0;0;109.01367216419942;1;1;3
48906.486;1657;223;0;0;0;107.26563532573252;1;1;3
48916.816;1657;220;0;0;0;107.22422390360818;1;1;3
48927.422;1656;213;0;0;0;107.16002619486099;1;1;3
48936.854;1655;204;0;0;0;107.11213226811822;1;1;3
48947.373;1653;189;0;0;0;107.04277416934512;1;1;3
48956.833;1652;177;0;0;0;107.00332808616714;1;1;3
48967.713;1650;166;0;0;0;106.90427002735431;1;1;3
48977.576;1647;155;0;0;0;106.76459360167848;1;1;3
48988.019;1647;148;0;0;0;106.73341490553923;1;1;3
48998.101;1645;143;0;0;0;106.60890422685591;1;1;3
49008.193;1644;139;0;0;0;106.52349631662784;1;1;3
49018.454;1644;138;0;0;0;106.46929284349095;1;1;3
49028.499;1643;136;0;0;0;106.37670835628637;1;1;3
49038.708;1643;136;0;0;0;106.31929533686119;1;1;3
49058.941;1643;135;0;0;0;106.20925071107058;1;1;3
49079.339;1643;135;0;0;0;106.09496322072023;1;1;3
49282.479;1643;135;0;0;0;104.97007410249196;1;1;3
49292.381;1643;136;0;0;0;104.91233634391271;1;1;3
49302.752;1643;137;0;0;0;104.8520681437614;1;1;3
49312.882;1642;139;0;0;0;104.74699270577693;1;1;3
49322.695;1641;141;0;0;0;104.64365449134753;1;1;3
49333.229;1640;143;0;0;0;104.53639674093182;1;1;3
49343.075;1640;145;0;0;0;104.47538270082823;1;1;3
49353.577;1639;146;0;0;0;104.37209137995016;1;1;3
49363.641;1639;147;0;0;0;104.31370453033801;1;1;3
49373.824;1638;150;0;0;0;104.204574056505;1;1;3
49383.943;1638;151;0;0;0;104.14593308879265;1;1;3
49393.756;1638;152;0;0;0;104.0889805021474;1;1;3
49404.248;1637;153;0;0;0;103.98604626286145;1;1;3
49414.388;1637;153;0;0;0;103.93138839086876;1;1;3
49424.376;1637;154;0;0;0;103.87363933659499;1;1;3
49434.54;1637;155;0;0;0;103.81497788208144;1;1;3
49454.959;1637;155;0;0;0;103.70532456166563;1;1;3
49485.538;1637;156;0;0;0;103.53753696878957;1;1;3
49839.435;1637;156;0;0;0;0;2;1;3
50338.133;1636;156;0;0;0;99.13030940169574;1;1;3
50348.104;1634;157;0;0;0;98.99685756781334;1;1;3
50358.293;1631;159;0;0;0;98.818245123183;1;1;3
50368.768;1627;160;0;0;0;98.60208355014436;1;1;3
50378.816;1621;163;0;0;0;98.29988797520329;1;1;3
50389.015;1614;166;0;0;0;97.95715677970949;1;1;3
50399.15;1606;167;0;0;0;97.58353129423463;1;1;3
50409.077;1599;170;0;0;0;97.24327131919604;1;1;3
50419.59;1591;171;0;0;0;96.86940965878422;1;1;3
50429.599;1580;174;0;0;0;96.37081576271748;1;1;3
50439.087;1565;176;0;0;0;95.72182403053783;1;1;3
50449.724;1536;179;0;0;0;94.51373737733194;1;1;3
50460.07;1506;179;0;0;0;93.29044493101735;1;1;3
50470.966;1479;181;0;0;0;92.18129898878193;1;1;3
50480.413;1443;181;0;0;0;90.75062951478021;1;1;3
50490.109;1424;181;0;0;0;89.98065290756522;1;1;3
50500.748;1413;181;0;0;0;89.51487560090163;1;1;3
50510.619;1405;181;0;0;0;89.16791785709175;1;1;3
50520.967;1400;181;0;0;0;88.93337007685479;1;1;3
50531.305;1395;181;0;0;0;88.69937669755222;1;1;3
50540.525;1390;181;0;0;0;88.47073910488872;1;1;3
50876.099;1389;181;0;0;0;87.00309876929745;1;1;3
50886.309;1388;180;0;0;0;86.92808777740304;1;1;3
50896.503;1385;179;0;0;0;86.7792144813366;1;1;3
50906.214;1382;177;0;0;0;86.63732756639197;1;1;3
50917.01;1379;175;0;0;0;86.49107503218514;1;1;3
50927.177;1374;173;0;0;0;86.27398398532644;1;1;3
50936.922;1370;171;0;0;0;86.09578406332759;1;1;3
50947.612;1365;169;0;0;0;85.87729497778524;1;1;3
50957.049;1361;167;0;0;0;85.70097402233588;1;1;3
50967.682;1355;165;0;0;0;85.4469911210482;1;1;3
50977.939;1351;162;0;0;0;85.27236696910792;1;1;3
50988.08;1347;160;0;0;0;85.09406471978158;1;1;3
50998.292;1345;158;0;0;0;84.98836077567509;1;1;3
51008.172;1343;157;0;0;0;84.8798342541392;1;1;3
51018.478;1342;156;0;0;0;84.8059456627124;1;1;3
51028.643;1341;156;0;0;0;84.72849009461481;1;1;3
51038.889;1341;156;0;0;0;84.68698413893445;1;1;3
51049.017;1340;155;0;0;0;84.61401995351302;1;1;3
51058.836;1340;155;0;0;0;84.57433533535615;1;1;3
51079.467;1340;155;0;0;0;84.49107393198307;1;1;3
51089.231;1339;155;0;0;0;84.41563563461958;1;1;3
51282.758;1340;155;0;0;0;83.67932602034995;1;1;3
51292.771;1348;155;0;0;0;83.92610323163403;1;1;3
51302.873;1359;160;0;0;0;84.25997068523716;1;1;3
51313.021;1374;162;0;0;0;84.75146273381858;1;1;3
51322.72;1392;165;0;0;0;85.3512682433088;1;1;3
51333.295;1417;166;0;0;0;86.21450740923727;1;1;3
51343.431;1434;166;0;0;0;86.79559162208146;1;1;3
51353.497;1456;166;0;0;0;87.56365323856811;1;1;3
51363.694;1470;166;0;0;0;88.0387992127478;1;1;3
51373.713;1487;166;0;0;0;88.62753346030524;1;1;3
51383.8;1506;166;0;0;0;89.29275270365478;1;1;3
51393.859;1517;166;0;0;0;89.66132299235582;1;1;3
51404.768;1528;165;0;0;0;90.03110291861101;1;1;3
51414.506;1536;165;0;0;0;90.28985884181182;1;1;3
51424.762;1542;165;0;0;0;90.47160022672514;1;1;3
51434.56;1551;165;0;0;0;90.76826014748274;1;1;3
51444.875;1557;164;0;0;0;90.95411086245015;1;1;3
51454.715;1565;164;0;0;0;91.2135288909942;1;1;3
51464.694;1572;165;0;0;0;91.43095421426237;1;1;3
51474.668;1581;167;0;0;0;91.7202278646286;1;1;3
51484.642;1586;169;0;0;0;91.85845323469518;1;1;3
51495.137;1591;171;0;0;0;91.99445071951264;1;1;3
51505.358;1597;173;0;0;0;92.16953173391086;1;1;3
51515.747;1601;173;0;0;0;92.2763529299282;1;1;3
51525.959;1606;175;0;0;0;92.41367382401666;1;1;3
51536.272;1608;175;0;0;0;92.44501981884457;1;1;3
51545.979;1610;175;0;0;0;92.47898364934505;1;1;3
51556.282;1611;175;0;0;0;92.47244839520677;1;1;3
51566.676;1612;175;0;0;0;92.46553500694105;1;1;3
51576.553;1613;175;0;0;0;92.46086442334732;1;1;3
51586.801;1614;175;0;0;0;92.45460798693928;1;1;3
51596.809;1614;175;0;0;0;92.41151866858281;1;1;3
51627.633;1615;175;0;0;0;92.31688406075325;1;1;3
51729.214;1615;175;0;0;0;91.88285602614579;1;1;3
51739.1;1615;175;0;0;0;91.84083365208991;1;1;3
51749.448;1615;175;0;0;0;91.79688861114363;1;1;3
51759.595;1615;175;0;0;0;91.75383797869077;1;1;3
51769.542;1615;174;0;0;0;91.71573565696771;1;1;3
51779.905;1615;173;0;0;0;91.67588388388309;1;1;3
51800.2;1615;173;0;0;0;91.59005295712205;1;1;3
51810.482;1615;173;0;0;0;91.54662997942714;1;1;3
51830.68;1614;172;0;0;0;91.42798490212783;1;1;3
51840.809;1613;171;0;0;0;91.35188217061103;1;1;3
51860.875;1613;170;0;0;0;91.27150907116547;1;1;3
51871.319;1613;170;0;0;0;91.2276782895368;1;1;3
51891.3;1612;169;0;0;0;91.11052281369072;1;1;3
51911.813;1612;169;0;0;0;91.02474658306606;1;1;3
51931.988;1611;169;0;0;0;90.90327652020123;1;1;3
51942.355;1611;169;0;0;0;90.86008549289453;1;1;3
51952.596;1610;169;0;0;0;90.78023812341083;1;1;3
51962.515;1610;168;0;0;0;90.74290086843054;1;1;3
51972.48;1609;168;0;0;0;90.66433679738618;1;1;3
51983.098;1609;168;0;0;0;90.62029856217306;1;1;3
52003.492;1608;168;0;0;0;90.49871648107701;1;1;3
52013.399;1608;168;0;0;0;90.45775895631061;1;1;3
52043.929;1608;168;0;0;0;90.33177464493748;1;1;3
52337.473;1608;168;0;0;0;0;2;1;3
52602.162;1606;168;0;0;0;88.01628422075825;1;1;3
52612.178;1604;168;0;0;0;87.90491165364648;1;1;3
52622.247;1600;168;0;0;0;87.7213834634896;1;1;3
52632.707;1594;168;0;0;0;87.46466997461597;1;1;3
52642.925;1586;168;0;0;0;87.1376168725682;1;1;3
52653.046;1574;168;0;0;0;86.66855782913171;1;1;3
52663.141;1565;168;0;0;0;86.30820101990992;1;1;3
52673.376;1553;168;0;0;0;85.84151640475298;1;1;3
52683.246;1536;166;0;0;0;85.20830235118454;1;1;3
52693.309;1521;164;0;0;0;84.64787165258393;1;1;3
52703.785;1509;162;0;0;0;84.19372805261196;1;1;3
52713.917;1496;162;0;0;0;83.69994177133529;1;1;3
52724.102;1486;160;0;0;0;83.32016364898462;1;1;3
52733.483;1481;160;0;0;0;83.1112015160212;1;1;3
52744.208;1471;159;0;0;0;82.72761487504276;1;1;3
52754.925;1465;159;0;0;0;82.48021081592682;1;1;3
52764.938;1457;159;0;0;0;82.16672801331259;1;1;3
52774.789;1449;159;0;0;0;81.85469497344931;1;1;3
52785.019;1441;159;0;0;0;81.5421624004692;1;1;3
52795.059;1435;159;0;0;0;81.29985010557976;1;1;3
52805.592;1430;159;0;0;0;81.0906006130801;1;1;3
52815.355;1427;159;0;0;0;80.95297256856315;1;1;3
52825.608;1425;159;0;0;0;80.8479973296065;1;1;3
52835.793;1423;159;0;0;0;80.74339672117256;1;1;3
52845.8;1422;159;0;0;0;80.673693874024;1;1;3
52855.653;1420;159;0;0;0;80.57049825769572;1;1;3
52865.939;1419;159;0;0;0;80.49997349564218;1;1;3
52876.122;1417;159;0;0;0;80.39583587716376;1;1;3
52886.813;1416;159;0;0;0;80.32405312265722;1;1;3
52896.603;1414;159;0;0;0;80.22153160635466;1;1;3
52906.705;1413;159;0;0;0;80.1519960616372;1;1;3
52916.965;1412;159;0;0;0;80.0819766848637;1;1;3
52927.071;1411;159;0;0;0;80.0125703019229;1;1;3
52936.974;1410;159;0;0;0;79.94394640973785;1;1;3
52947.91;1408;159;0;0;0;79.83792018826351;1;1;3
52957.243;1407;159;0;0;0;79.77145494123822;1;1;3
52967.751;1406;159;0;0;0;79.70095411253294;1;1;3
52977.838;1406;159;0;0;0;79.66577781926888;1;1;3
52988.11;1405;159;0;0;0;79.59622029470825;1;1;3
52998.202;1405;159;0;0;0;79.5611041017847;1;1;3
53008.026;1404;159;0;0;0;79.49322130217526;1;1;3
53028.603;1404;159;0;0;0;79.42180898948168;1;1;3
53362.567;1404;159;0;0;0;0;2;1;3
55038.313;1403;159;0;0;0;72.98450792488524;1;1;3
55048.841;1402;159;0;0;0;72.92273161238865;1;1;3
55058.382;1402;159;0;0;0;72.89482910355329;1;1;3
55069.284;1401;161;0;0;0;72.82499673459024;1;1;3
55079.258;1401;161;0;0;0;72.79589138469022;1;1;3
55089.576;1400;163;0;0;0;72.7277758000358;1;1;3
55099.558;1400;166;0;0;0;72.68782703447617;1;1;3
55110.123;1400;167;0;0;0;72.65342270275464;1;1;3
55119.835;1400;169;0;0;0;72.61778984274933;1;1;3
55130.09;1400;170;0;0;0;72.5842761287586;1;1;3
55140.51;1401;172;0;0;0;72.57735046156476;1;1;3
55150.418;1403;174;0;0;0;72.60268887103598;1;1;3
55159.964;1406;176;0;0;0;72.65988237125138;1;1;3
55169.935;1410;180;0;0;0;72.73885563689709;1;1;3
55179.907;1417;184;0;0;0;72.91042903792142;1;1;3
55189.881;1423;188;0;0;0;73.05102315459138;1;1;3
55199.853;1431;192;0;0;0;73.25366568918459;1;1;3
55210.824;1442;199;0;0;0;73.53414599182706;1;1;3
55220.83;1450;204;0;0;0;73.7325637750706;1;1;3
55230.803;1456;210;0;0;0;73.86400640055946;1;1;3
55241.741;1460;212;0;0;0;73.94788570059701;1;1;3
55251.715;1465;216;0;0;0;74.0567325870063;1;1;3
55261.722;1468;220;0;0;0;74.10261811988357;1;1;3
55271.467;1470;222;0;0;0;74.12716376645237;1;1;3
55281.47;1472;223;0;0;0;74.15565367959863;1;1;3
55291.72;1473;224;0;0;0;74.15204849307823;1;1;3
55555.959;1475;225;0;0;0;73.43898830278977;1;1;3
55566.27;1478;225;0;0;0;73.50237766477164;1;1;3
55576.652;1482;226;0;0;0;73.59192908708731;1;1;3
55586.877;1485;226;0;0;0;73.65562487628398;1;1;3
55596.783;1489;227;0;0;0;73.74663921220176;1;1;3
55606.569;1492;228;0;0;0;73.80691733522113;1;1;3
55617.298;1495;228;0;0;0;73.86923680904853;1;1;3
55627.148;1496;228;0;0;0;73.87183770910808;1;1;3
55637.073;1497;228;0;0;0;73.87422712859721;1;1;3
55647.813;1498;228;0;0;0;73.87426349138414;1;1;3
55657.735;1500;228;0;0;0;73.90779764035943;1;1;3
55668.407;1501;229;0;0;0;73.90330162438427;1;1;3
55678.208;1502;229;0;0;0;73.90607379706759;1;1;3
55688.328;1502;229;0;0;0;73.87681801783835;1;1;3
55698.579;1503;229;0;0;0;73.87830587756794;1;1;3
55708.551;1505;231;0;0;0;73.9021996097788;1;1;3
55718.808;1506;231;0;0;0;73.90368555565321;1;1;3
55728.914;1507;232;0;0;0;73.90083607488029;1;1;3
55739.07;1508;232;0;0;0;73.90262988455417;1;1;3
55759.401;1509;233;0;0;0;73.87030839617249;1;1;3
55769.654;1510;233;0;0;0;73.87184982244527;1;1;3
55779.542;1510;234;0;0;0;73.83857560068469;1;1;3
55789.513;1511;234;0;0;0;73.84094930632077;1;1;3
55809.336;1511;234;0;0;0;73.78396347645771;1;1;3
55820.179;1512;234;0;0;0;73.78385924611293;1;1;3
55850.649;1512;235;0;0;0;73.69166695440224;1;1;3
55860.626;1513;235;0;0;0;73.69409078739274;1;1;3
55870.599;1514;237;0;0;0;73.68686991235201;1;1;3
55880.564;1516;238;0;0;0;73.71548330854903;1;1;3
55890.537;1518;240;0;0;0;73.73917712837162;1;1;3
55900.51;1520;241;0;0;0;73.76774272891693;1;1;3
55910.484;1521;242;0;0;0;73.76528939103409;1;1;3
55921.4;1523;243;0;0;0;73.79114262427245;1;1;3
55932.21;1524;244;0;0;0;73.7862830881816;1;1;3
55941.945;1525;244;0;0;0;73.78946122705509;1;1;3
55952.122;1525;244;0;0;0;73.76038708948428;1;1;3
55962.292;1526;244;0;0;0;73.76233803008401;1;1;3
55972.003;1526;245;0;0;0;73.72966376964214;1;1;3
55982.524;1527;245;0;0;0;73.73063387042896;1;1;3
55992.619;1528;245;0;0;0;73.73282461115535;1;1;3
56002.777;1528;245;0;0;0;73.7038837855425;1;1;3
56023.66;1529;245;0;0;0;73.67539067672334;1;1;3
56043.637;1529;245;0;0;0;73.6186088435536;1;1;3
56398.533;1529;245;0;0;0;0;2;1;3
57018.286;1529;246;0;0;0;70.94597179233737;1;1;3
57028.318;1529;247;0;0;0;70.91471682921181;1;1;3
57038.822;1529;248;0;0;0;70.88222233606714;1;1;3
57048.665;1529;249;0;0;0;70.85147270424967;1;1;3
57058.911;1528;250;0;0;0;70.78991225989016;1;1;3
57068.973;1528;250;0;0;0;70.76347818662946;1;1;3
57079.129;1527;251;0;0;0;70.70221670877825;1;1;3
57089.281;1527;252;0;0;0;70.67070549802423;1;1;3
57099.469;1526;252;0;0;0;70.61431632695725;1;1;3
57109.416;1526;253;0;0;0;70.58337626332882;1;1;3
57120.133;1525;253;0;0;0;70.52568504486446;1;1;3
57129.97;1524;254;0;0;0;70.46541055075564;1;1;3
57140.225;1524;254;0;0;0;70.43866366773902;1;1;3
57150.354;1523;255;0;0;0;70.3776883203606;1;1;3
57160.288;1523;256;0;0;0;70.34686180539956;1;1;3
57170.766;1522;258;0;0;0;70.28001219679236;1;1;3
57180.723;1521;259;0;0;0;70.21953363198307;1;1;3
57190.242;1520;261;0;0;0;70.1551496655388;1;1;3
57201.127;1518;263;0;0;0;70.05763899692636;1;1;3
57211.157;1518;266;0;0;0;70.0162549425831;1;1;3
57221.406;1517;267;0;0;0;69.95505324355187;1;1;3
57231.345;1516;268;0;0;0;69.89467986943428;1;1;3
57241.89;1516;268;0;0;0;69.86750164675067;1;1;3
57251.818;1516;269;0;0;0;69.8367091570949;1;1;3
57272.168;1516;269;0;0;0;69.78436190239046;1;1;3
57282.258;1515;269;0;0;0;69.7289769047129;1;1;3
57312.689;1515;270;0;0;0;69.64570093365484;1;1;3
57333.004;1515;270;0;0;0;69.59370315569957;1;1;3
57687.535;1515;270;0;0;0;0;2;1;3
58348.1;1515;270;0;0;0;67.09080174498227;1;1;3
58358.292;1515;269;0;0;0;67.07162437507047;1;1;3
58368.091;1517;266;0;0;0;67.12000374969612;1;1;3
58378.071;1522;261;0;0;0;67.26252124911682;1;1;3
58387.742;1530;252;0;0;0;67.50920712815322;1;1;3
58398.82;1541;240;0;0;0;67.84953227746288;1;1;3
58408.153;1555;223;0;0;0;68.29741519624346;1;1;3
58419.118;1571;207;0;0;0;68.78941542077348;1;1;3
58429.185;1582;193;0;0;0;69.1295504387483;1;1;3
58439.393;1609;164;0;0;0;69.97010032495699;1;1;3
58449.584;1628;137;0;0;0;70.56253520172588;1;1;3
58459.587;1644;112;0;0;0;71.0528574184167;1;1;3
58469.625;1659;95;0;0;0;71.49106805881924;1;1;3
58480.032;1673;78;0;0;0;71.89500129869396;1;1;3
58490.102;1683;64;0;0;0;72.17616206548651;1;1;3
58500.255;1694;47;0;0;0;72.48548173515424;1;1;3
58510.355;1705;33;0;0;0;72.78869901071911;1;1;3
58520.381;1715;19;0;0;0;73.06002665367713;1;1;3
58530.372;1721;10;0;0;0;73.21123088855201;1;1;3
58540.459;1725;4;0;0;0;73.30247593054494;1;1;3
58551.277;1729;-2;0;0;0;73.39124465896806;1;1;3
58561.201;1731;-3;0;0;0;73.42388356504232;1;1;3
58570.788;1733;-3;0;0;0;73.45743307000279;1;1;3
58581.015;1734;-2;0;0;0;73.46022071856007;1;1;3
58591.529;1736;-3;0;0;0;73.49133096659594;1;1;3
58601.596;1736;-1;0;0;0;73.46541926077917;1;1;3
58611.807;1737;-1;0;0;0;73.46821598324978;1;1;3
58621.994;1738;-1;0;0;0;73.4710777926473;1;1;3
58632.212;1738;-1;0;0;0;73.44474485907381;1;1;3
58642.162;1738;0;0;0;0;73.41912909842688;1;1;3
58652.375;1739;-1;0;0;0;73.42193531386525;1;1;3
58662.501;1739;0;0;0;0;73.39589297037553;1;1;3
58672.401;1739;-1;0;0;0;73.37043318468237;1;1;3
58682.827;1740;-2;0;0;0;73.3726951122904;1;1;3
58692.919;1741;0;0;0;0;73.37587683715698;1;1;3
58703.474;1741;-1;0;0;0;73.34877005390815;1;1;3
58723.631;1741;0;0;0;0;73.29708378398122;1;1;3
58733.861;1741;-1;0;0;0;73.27086746789745;1;1;3
58804.219;1741;0;0;0;0;73.0911338755439;1;1;3
58815.049;1738;0;0;0;0;72.97673213505867;1;1;3
58825.198;1736;0;0;0;0;72.89309875801605;1;1;3
58835.348;1733;0;0;0;0;72.78065663599988;1;1;3
58845.3;1730;0;0;0;0;72.66884175401958;1;1;3
58855.154;1727;0;0;0;0;72.55739878374443;1;1;3
58866.195;1724;0;0;0;0;72.44308755257363;1;1;3
58875.937;1722;0;0;0;0;72.36096159902775;1;1;3
58886.398;1720;0;0;0;0;72.27710556460276;1;1;3
58896.256;1718;0;0;0;0;72.19484456056108;1;1;3
58906.325;1717;1;0;0;0;72.14084979025002;1;1;3
58916.29;1716;1;0;0;0;72.08716680874247;1;1;3
58926.629;1714;1;0;0;0;72.00389603892452;1;1;3
58936.866;1712;2;0;0;0;71.92093572326746;1;1;3
58946.777;1711;2;0;0;0;71.86754679771757;1;1;3
58956.992;1710;2;0;0;0;71.81344274635374;1;1;3
58967.275;1709;2;0;0;0;71.75921316831986;1;1;3
58977.496;1708;2;0;0;0;71.70518164564156;1;1;3
58987.357;1706;2;0;0;0;71.62349536662671;1;1;3
58997.645;1705;2;0;0;0;71.5693994092374;1;1;3
59007.928;1704;3;0;0;0;71.51531781642505;1;1;3
59017.979;1703;3;0;0;0;71.46189570798713;1;1;3
59028.247;1700;3;0;0;0;71.35093576583832;1;1;3
59038.482;1700;3;0;0;0;71.32568007794711;1;1;3
59048.479;1699;3;0;0;0;71.27253480704641;1;1;3
59058.296;1698;3;0;0;0;71.21987467937693;1;1;3
59068.69;1697;3;0;0;0;71.16583700833583;1;1;3
59079.28;1697;3;0;0;0;71.13980984311472;1;1;3
59088.93;1696;3;0;0;0;71.08767130648359;1;1;3
59109.08;1696;3;0;0;0;71.0382536706835;1;1;3
59119.565;1695;3;0;0;0;70.98416373888425;1;1;3
59129.506;1695;3;0;0;0;70.95983619657662;1;1;3
59139.438;1694;4;0;0;0;70.90711077962014;1;1;3
59150.114;1693;4;0;0;0;70.85266932678314;1;1;3
59160.121;1693;4;0;0;0;70.82825140653271;1;1;3
59170.146;1693;4;0;0;0;70.80380643465523;1;1;3
59180.526;1692;4;0;0;0;70.75018657052549;1;1;3
59190.08;1692;5;0;0;0;70.72685641539162;1;1;3
59200.8;1691;5;0;0;0;70.67247977620401;1;1;3
59210.615;1690;5;0;0;0;70.6203457634104;1;1;3
59220.915;1689;6;0;0;0;70.56698404698274;1;1;3
59231.286;1689;6;0;0;0;70.5418415931592;1;1;3
59241.1;1688;7;0;0;0;70.48971063516981;1;1;3
59251.607;1688;7;0;0;0;70.46428411975894;1;1;3
59260.965;1687;7;0;0;0;70.41343162723724;1;1;3
59271.976;1687;7;0;0;0;70.3868328868194;1;1;3
59282.078;1687;8;0;0;0;70.36232227778578;1;1;3
59291.979;1686;8;0;0;0;70.3102520804585;1;1;3
59322.485;1686;8;0;0;0;70.23679547985931;1;1;3
59332.693;1685;8;0;0;0;70.18410761451044;1;1;3
59566.186;1685;8;0;0;0;69.62752463067724;1;1;3
59596.656;1684;8;0;0;0;69.52765855917116;1;1;3
59606.827;1684;8;0;0;0;69.50367357251768;1;1;3
59617.072;1683;8;0;0;0;69.45167100382284;1;1;3
59627.172;1681;8;0;0;0;69.37221149347428;1;1;3
59637.096;1680;9;0;0;0;69.32091972443486;1;1;3
59647.563;1678;9;0;0;0;69.24073035760172;1;1;3
59657.645;1676;9;0;0;0;69.16152099227436;1;1;3
59667.798;1673;9;0;0;0;69.0544632922333;1;1;3
59677.626;1671;9;0;0;0;68.9760187219159;1;1;3
59688.33;1670;9;0;0;0;68.92332368277484;1;1;3
59698.279;1668;9;0;0;0;68.84472815726836;1;1;3
59707.518;1667;9;0;0;0;68.79554030610615;1;1;3
59718.333;1665;9;0;0;0;68.71506070037212;1;1;3
59728.351;1665;9;0;0;0;68.69180845936128;1;1;3
59738.472;1664;9;0;0;0;68.64069035676138;1;1;3
59748.215;1664;9;0;0;0;68.61811602509403;1;1;3
60297.111;1663;9;0;0;0;67.34275528073783;1;1;3
60307.335;1663;9;0;0;0;67.31994492078618;1;1;3
60317.51;1661;9;0;0;0;67.24306079787969;1;1;3
60327.368;1660;9;0;0;0;67.19403185196009;1;1;3
60337.333;1659;9;0;0;0;67.1448025113189;1;1;3
60347.908;1658;9;0;0;0;67.09425690360672;1;1;3
60357.787;1657;9;0;0;0;67.04529540419249;1;1;3
60368.08;1656;9;0;0;0;66.99545423984989;1;1;3
60377.969;1655;9;0;0;0;66.9465463462199;1;1;3
60398.625;1655;9;0;0;0;66.90087084648792;1;1;3
60408.477;1654;9;0;0;0;66.85213025609856;1;1;3
60429.016;1653;9;0;0;0;66.77986936950917;1;1;3
60459.097;1653;9;0;0;0;66.71365074595552;1;1;3
60591.595;1653;9;0;0;0;66.42353345623226;1;1;3
60601.768;1655;9;0;0;0;66.45497006472475;1;1;3
60611.638;1657;9;0;0;0;66.48706797554458;1;1;3
60622.056;1660;9;0;0;0;66.54478662935493;1;1;3
60632.344;1662;9;0;0;0;66.57597553886829;1;1;3
60641.726;1664;9;0;0;0;66.6091421009197;1;1;3
60652.482;1666;10;0;0;0;66.63915729479817;1;1;3
60662.366;1666;10;0;0;0;66.61758957555507;1;1;3
60672.114;1667;10;0;0;0;66.6231409039891;1;1;3
60682.788;1668;10;0;0;0;66.62667504039445;1;1;3
60692.781;1668;10;0;0;0;66.60489524960599;1;1;3
60713.295;1669;10;0;0;0;66.58701256984331;1;1;3
60754.053;1669;10;0;0;0;66.49841078553072;1;1;3
60784.18;1670;10;0;0;0;66.45979704523903;1;1;3
60884.768;1670;11;0;0;0;66.24231144627187;1;1;3
60895.994;1672;11;0;0;0;66.2714205971115;1;1;3
60905.972;1674;12;0;0;0;66.30303432569536;1;1;3
60916.269;1678;14;0;0;0;66.38703334661899;1;1;3
60926.182;1684;16;0;0;0;66.52517327534846;1;1;3
60936.417;1691;18;0;0;0;66.68935547758115;1;1;3
60946.393;1702;20;0;0;0;66.96115365076263;1;1;3
60956.794;1719;25;0;0;0;67.39218685612472;1;1;3
60967.113;1741;29;0;0;0;67.95920816514392;1;1;3
60977.063;1762;33;0;0;0;68.50175249509023;1;1;3
60986.579;1794;42;0;0;0;69.34225590661858;1;1;3
60997.472;1832;51;0;0;0;70.34648136050055;1;1;3
61007.313;1861;57;0;0;0;71.11311879011527;1;1;3
61017.788;1883;65;0;0;0;71.68626586676011;1;1;3
61027.852;1905;72;0;0;0;72.26218805071446;1;1;3
61038.14;1922;77;0;0;0;72.70241733715721;1;1;3
61047.482;1929;81;0;0;0;72.86958221450547;1;1;3
61058.044;1928;83;0;0;0;72.81467922480714;1;1;3
61068.232;1927;85;0;0;0;72.7606376453578;1;1;3
61302.123;1919;84;0;0;0;71.99655448835986;1;1;3
61312.067;1919;83;0;0;0;71.9747923852041;1;1;3
61321.789;1919;82;0;0;0;71.9535418522195;1;1;3
61332.833;1919;81;0;0;0;71.9292433124944;1;1;3
61342.639;1919;79;0;0;0;71.90893336720296;1;1;3
61353.139;1919;78;0;0;0;71.88587614927728;1;1;3
61362.838;1918;77;0;0;0;71.83730278991405;1;1;3
61372.993;1917;76;0;0;0;71.78770243984853;1;1;3
61383.332;1916;74;0;0;0;71.73876518448427;1;1;3
61393.41;1916;74;0;0;0;71.71564471578829;1;1;3
61402.984;1915;73;0;0;0;71.66743040672344;1;1;3
61413.782;1913;73;0;0;0;71.58810594185807;1;1;3
61423.825;1913;73;0;0;0;71.56513649659055;1;1;3
61434.154;1911;72;0;0;0;71.48802077368481;1;1;3
61444.284;1911;71;0;0;0;71.46591970022958;1;1;3
61453.768;1910;71;0;0;0;71.41703912138541;1;1;3
61464.601;1910;71;0;0;0;71.39235422206029;1;1;3
61474.699;1909;70;0;0;0;71.3431395859991;1;1;3
61485.173;1909;70;0;0;0;71.31931306723196;1;1;3
61505.155;1908;69;0;0;0;71.24769751502177;1;1;3
61515.284;1907;69;0;0;0;71.19752712031794;1;1;3
61545.873;1907;69;0;0;0;71.12821866053528;1;1;3
61555.594;1907;68;0;0;0;71.10719613826647;1;1;3
61575.839;1906;68;0;0;0;71.03430191278349;1;1;3
61586.094;1906;67;0;0;0;71.01210930135315;1;1;3
61596.398;1906;67;0;0;0;70.98886071369535;1;1;3
61616.572;1905;67;0;0;0;70.91630111340407;1;1;3
61636.889;1905;66;0;0;0;70.87152600680332;1;1;3
61646.861;1905;66;0;0;0;70.84910698844698;1;1;3
61657.079;1904;66;0;0;0;70.79910294845916;1;1;3
61667.247;1903;64;0;0;0;70.75109394698175;1;1;3
61677.707;1902;63;0;0;0;70.70152221260213;1;1;3
61687.769;1901;62;0;0;0;70.65286453760984;1;1;3
61697.907;1900;60;0;0;0;70.60491776812;1;1;3
61707.732;1899;60;0;0;0;70.55597287317956;1;1;3
61718.296;1899;58;0;0;0;70.53405802348392;1;1;3
61728.364;1897;57;0;0;0;70.4584904937976;1;1;3
61738.486;1897;56;0;0;0;70.43673495405336;1;1;3
61748.755;1896;54;0;0;0;70.38849234024481;1;1;3
61758.605;1896;54;0;0;0;70.36657621947758;1;1;3
61768.82;1895;53;0;0;0;70.31770976252133;1;1;3
61779.137;1895;53;0;0;0;70.29479253029716;1;1;3
62041.985;1895;53;0;0;0;0;2;1;3
62398.419;1895;53;0;0;0;68.94601097347376;1;1;3
62408.533;1893;54;0;0;0;68.87092092368867;1;1;3
62418.76;1891;57;0;0;0;68.79407653895659;1;1;3
62428.93;1888;60;0;0;0;68.69095084734519;1;1;3
62438.013;1887;62;0;0;0;68.64361518822189;1;1;3
62449.002;1883;68;0;0;0;68.50959972385854;1;1;3
62459.242;1881;70;0;0;0;68.43339517769836;1;1;3
62469.325;1877;74;0;0;0;68.30294789545998;1;1;3
62479.646;1875;76;0;0;0;68.2265552275899;1;1;3
62489.372;1873;78;0;0;0;68.15142038320133;1;1;3
62499.68;1870;81;0;0;0;68.04771701177977;1;1;3
62509.806;1868;82;0;0;0;67.97289028127085;1;1;3
62519.889;1865;85;0;0;0;67.86965899576344;1;1;3
62530.389;1863;86;0;0;0;67.79412942201567;1;1;3
62540.555;1860;88;0;0;0;67.6919679915322;1;1;3
62550.725;1858;90;0;0;0;67.61596554688043;1;1;3
62560.815;1856;91;0;0;0;67.54142046479365;1;1;3
62570.948;1854;93;0;0;0;67.46552993063389;1;1;3
62581.115;1853;94;0;0;0;67.41699005730764;1;1;3
62591.935;1852;96;0;0;0;67.36576984503436;1;1;3
62601.177;1851;96;0;0;0;67.32053184532384;1;1;3
62611.887;1849;98;0;0;0;67.2434987941857;1;1;3
62621.457;1847;100;0;0;0;67.16882788259406;1;1;3
62631.867;1845;103;0;0;0;67.09097680657135;1;1;3
62642.008;1842;107;0;0;0;66.98610350308506;1;1;3
62652.188;1838;110;0;0;0;66.85658938651669;1;1;3
62662.261;1835;114;0;0;0;66.75165323706614;1;1;3
62672.369;1832;117;0;0;0;66.64816890160671;1;1;3
62683.269;1828;122;0;0;0;66.51367136250055;1;1;3
62692.335;1825;127;0;0;0;66.40858981874027;1;1;3
62702.91;1818;133;0;0;0;66.19474115513353;1;1;3
62713.232;1813;141;0;0;0;66.02886891195045;1;1;3
62723.323;1805;149;0;0;0;65.78522233390848;1;1;3
62733.481;1790;171;0;0;0;65.32741661506984;1;1;3
62743.79;1777;187;0;0;0;64.93084072122087;1;1;3
62753.322;1767;198;0;0;0;64.6242078546588;1;1;3
62763.774;1759;206;0;0;0;64.37471796710922;1;1;3
62773.496;1752;214;0;0;0;64.1516218191367;1;1;3
62784.146;1745;223;0;0;0;63.92270909458741;1;1;3
62793.985;1739;230;0;0;0;63.726735801095145;1;1;3
62804.189;1732;240;0;0;0;63.49339969588078;1;1;3
62814.551;1728;247;0;0;0;63.34600888821892;1;1;3
62824.054;1726;251;0;0;0;63.26185380302442;1;1;3
63149.606;1725;251;0;0;0;62.61300198859434;1;1;3
63159.84;1724;250;0;0;0;62.57202605549753;1;1;3
63169.658;1722;250;0;0;0;62.50297140645068;1;1;3
63180.019;1721;247;0;0;0;62.46908523906968;1;1;3
63190.13;1718;245;0;0;0;62.381607272097845;1;1;3
63200.429;1716;243;0;0;0;62.31899215490719;1;1;3
63210.313;1714;240;0;0;0;62.260695461745875;1;1;3
63220.555;1711;238;0;0;0;62.17305184610711;1;1;3
63230.867;1708;235;0;0;0;62.08878983940392;1;1;3
63241.067;1705;231;0;0;0;62.00812610236652;1;1;3
63251.189;1701;226;0;0;0;61.90578707278942;1;1;3
63261.245;1697;220;0;0;0;61.806637437901166;1;1;3
63271.375;1691;209;0;0;0;61.67268895911744;1;1;3
63281.569;1687;202;0;0;0;61.575234662780964;1;1;3
63292.039;1684;197;0;0;0;61.49583275775199;1;1;3
63301.373;1681;194;0;0;0;61.41257908615991;1;1;3
63311.959;1680;191;0;0;0;61.37667786690574;1;1;3
63321.912;1679;190;0;0;0;61.33625518854837;1;1;3
63332.372;1678;189;0;0;0;61.2949130393574;1;1;3
63342.438;1677;188;0;0;0;61.254315515059865;1;1;3
63352.432;1677;187;0;0;0;61.238665701378864;1;1;3
63362.853;1676;187;0;0;0;61.1946761106468;1;1;3
63372.898;1676;186;0;0;0;61.178946204719196;1;1;3
63383.131;1675;185;0;0;0;61.13809663947069;1;1;3
63393.198;1675;184;0;0;0;61.12232429333848;1;1;3
63403.066;1674;183;0;0;0;61.08216523855709;1;1;3
63413.483;1673;180;0;0;0;61.046366336734096;1;1;3
63423.77;1672;177;0;0;0;61.01070520255284;1;1;3
63433.93;1671;174;0;0;0;60.975175697916804;1;1;3
63443.998;1671;171;0;0;0;60.96439776635571;1;1;3
63454.097;1670;170;0;0;0;60.923768094196646;1;1;3
63464.384;1670;169;0;0;0;60.90747435246225;1;1;3
63474.337;1670;168;0;0;0;60.89178559765883;1;1;3
63484.673;1670;168;0;0;0;60.872920232125345;1;1;3
63494.857;1669;167;0;0;0;60.83217706207505;1;1;3
63534.878;1669;167;0;0;0;60.75931151311537;1;1;3
63565.916;1669;166;0;0;0;60.70537363091793;1;1;3
65311.862;1668;166;0;0;0;57.67001668644615;1;1;3
65321.895;1668;168;0;0;0;57.64890241749295;1;1;3
65332.177;1666;171;0;0;0;57.578259692869445;1;1;3
65341.885;1665;173;0;0;0;57.5342364233921;1;1;3
65352.015;1663;175;0;0;0;57.46617312387266;1;1;3
65362.559;1661;179;0;0;0;57.39243360460456;1;1;3
65372.741;1660;182;0;0;0;57.344959946375354;1;1;3
65383.013;1657;188;0;0;0;57.24280842906866;1;1;3
65393.024;1654;198;0;0;0;57.1296009661976;1;1;3
65402.483;1651;206;0;0;0;57.02173639841593;1;1;3
65413.392;1646;216;0;0;0;56.85809852467907;1;1;3
65423.404;1643;225;0;0;0;56.74421942274438;1;1;3
65433.573;1640;234;0;0;0;56.62896473852813;1;1;3
65443.81;1637;245;0;0;0;56.505551156943646;1;1;3
65454.21;1633;254;0;0;0;56.36418870486851;1;1;3
65463.999;1630;267;0;0;0;56.23078882740194;1;1;3
65474.456;1627;279;0;0;0;56.09786021114253;1;1;3
65484.209;1625;286;0;0;0;56.00776488774794;1;1;3
65494.597;1623;293;0;0;0;55.91597263466264;1;1;3
65504.047;1621;299;0;0;0;55.82925431646274;1;1;3
65514.899;1619;304;0;0;0;55.74418456384043;1;1;3
65524.88;1617;308;0;0;0;55.6645746755709;1;1;3
65534.93;1616;311;0;0;0;55.61229484401867;1;1;3
65545.336;1616;312;0;0;0;55.59149197034618;1;1;3
65555.42;1615;313;0;0;0;55.548031048171715;1;1;3
65565.677;1614;315;0;0;0;55.49979928766665;1;1;3
65575.833;1614;316;0;0;0;55.479376165191994;1;1;3
65585.658;1613;317;0;0;0;55.43632866682557;1;1;3
65596.208;1612;317;0;0;0;55.396713976756175;1;1;3
65606.215;1612;319;0;0;0;55.371968920838015;1;1;3
65616.499;1612;319;0;0;0;55.35592520560595;1;1;3
65626.595;1611;320;0;0;0;55.31249470564946;1;1;3
65636.881;1611;320;0;0;0;55.29647430564253;1;1;3
65646.702;1611;321;0;0;0;55.276592325689286;1;1;3
65657.026;1611;321;0;0;0;55.260532287807976;1;1;3
65677.342;1611;322;0;0;0;55.224350687215015;1;1;3
65707.477;1610;323;0;0;0;55.14991005451403;1;1;3
65718.225;1610;323;0;0;0;55.133257439415104;1;1;3
65728.1;1610;324;0;0;0;55.11333631328369;1;1;3
65738.451;1610;324;0;0;0;55.097318534856974;1;1;3
65748.415;1609;325;0;0;0;55.05423644095468;1;1;3
65758.369;1608;326;0;0;0;55.01117996489141;1;1;3
65768.602;1608;327;0;0;0;54.99071481881783;1;1;3
65778.79;1608;327;0;0;0;54.97500215004621;1;1;3
65788.977;1608;328;0;0;0;54.95461527712466;1;1;3
65799.181;1607;328;0;0;0;54.91590356302498;1;1;3
65819.055;1607;329;0;0;0;54.88063123847998;1;1;3
65829.572;1607;329;0;0;0;54.86446665460614;1;1;3
65839.727;1607;330;0;0;0;54.84415808667434;1;1;3
65849.794;1606;331;0;0;0;54.80101905188637;1;1;3
65860.022;1606;331;0;0;0;54.785334839745346;1;1;3
65870.06;1606;332;0;0;0;54.765213936641366;1;1;3
65880.257;1605;332;0;0;0;54.7266562154393;1;1;3
65900.322;1604;333;0;0;0;54.668289733749695;1;1;3
65920.931;1604;333;0;0;0;54.63681687514242;1;1;3
65931.096;1604;333;0;0;0;54.62130682315716;1;1;3
65982.179;1604;334;0;0;0;54.53874076634839;1;1;3
66540.092;1603;335;0;0;0;53.67598128503058;1;1;3
66550.303;1600;335;0;0;0;53.593418305190724;1;1;3
66560.422;1597;336;0;0;0;53.506355702093735;1;1;3
66570.332;1594;336;0;0;0;53.42440475450419;1;1;3
66580.693;1589;337;0;0;0;53.29225886513029;1;1;3
66591.059;1584;338;0;0;0;53.16026305113935;1;1;3
66601.069;1577;339;0;0;0;52.98419731952776;1;1;3
66611.218;1571;339;0;0;0;52.8353755171617;1;1;3
66621.281;1567;340;0;0;0;52.72670519285644;1;1;3
66631.518;1563;340;0;0;0;52.62274455735023;1;1;3
66641.551;1558;341;0;0;0;52.492092353797744;1;1;3
66651.822;1554;342;0;0;0;52.383486646379914;1;1;3
66662.007;1550;342;0;0;0;52.28001879143052;1;1;3
66672.053;1544;342;0;0;0;52.13253303386269;1;1;3
66682.282;1540;342;0;0;0;52.029326143731424;1;1;3
66692.463;1535;343;0;0;0;51.89927314600539;1;1;3
66702.41;1529;343;0;0;0;51.75258811954882;1;1;3
66712.402;1525;344;0;0;0;51.64523044413157;1;1;3
66722.871;1521;344;0;0;0;51.542298328542365;1;1;3
66732.961;1516;345;0;0;0;51.41303866121899;1;1;3
66743.26;1513;346;0;0;0;51.32760039657341;1;1;3
66753.298;1511;347;0;0;0;51.26455776420314;1;1;3
66763.518;1507;347;0;0;0;51.1624564650287;1;1;3
66773.702;1504;347;0;0;0;51.08246075487741;1;1;3
66783.599;1498;348;0;0;0;50.93221062267047;1;1;3
66793.978;1494;348;0;0;0;50.830326331638936;1;1;3
66804.073;1487;349;0;0;0;50.65839779216387;1;1;3
66814.41;1484;350;0;0;0;50.573586441815536;1;1;3
66824.429;1481;351;0;0;0;50.48927946317748;1;1;3
66834.893;1478;352;0;0;0;50.40442672871493;1;1;3
66844.747;1476;352;0;0;0;50.347409724287814;1;1;3
66854.832;1473;353;0;0;0;50.26320980605326;1;1;3
66864.732;1470;354;0;0;0;50.17932822028478;1;1;3
66875.142;1467;355;0;0;0;50.094816187184065;1;1;3
66885.147;1464;355;0;0;0;50.01618218357814;1;1;3
66895.539;1460;357;0;0;0;49.90493070410433;1;1;3
66905.663;1456;359;0;0;0;49.794093701738795;1;1;3
66915.776;1451;361;0;0;0;49.6617349627321;1;1;3
66925.719;1448;362;0;0;0;49.57822609402611;1;1;3
66935.403;1445;363;0;0;0;49.495130632937375;1;1;3
66946.262;1443;364;0;0;0;49.43204818419669;1;1;3
66956.411;1441;365;0;0;0;49.369951766496264;1;1;3
66966.557;1438;367;0;0;0;49.28091586569754;1;1;3
66976.531;1437;368;0;0;0;49.240596113640514;1;1;3
66986.552;1435;369;0;0;0;49.17874532831761;1;1;3
66996.88;1433;370;0;0;0;49.116516354218476;1;1;3
67007.212;1432;371;0;0;0;49.0757597928029;1;1;3
67017.512;1430;373;0;0;0;49.00803353446346;1;1;3
67027.465;1426;374;0;0;0;48.90353183239819;1;1;3
67037.58;1423;376;0;0;0;48.8146697395477;1;1;3
67047.438;1420;379;0;0;0;48.72045616437872;1;1;3
67057.841;1416;381;0;0;0;48.60983441861866;1;1;3
67067.839;1412;384;0;0;0;48.49400083522524;1;1;3
67077.445;1408;387;0;0;0;48.378631251734966;1;1;3
67088.32;1402;391;0;0;0;48.213056216099055;1;1;3
67098.504;1398;394;0;0;0;48.09681820266922;1;1;3
67108.63;1395;397;0;0;0;48.00184721224253;1;1;3
67118.524;1391;402;0;0;0;47.873623747236365;1;1;3
67128.926;1388;404;0;0;0;47.78420762799968;1;1;3
67138.942;1384;408;0;0;0;47.66164125530633;1;1;3
67151.301;1380;411;0;0;0;47.54219368598878;1;1;3
67159.395;1379;414;0;0;0;47.49164784169258;1;1;3
67169.273;1377;416;0;0;0;47.4239197207152;1;1;3
67179.704;1374;417;0;0;0;47.34073798352942;1;1;3
67189.962;1374;419;0;0;0;47.314778556124594;1;1;3
67199.906;1372;419;0;0;0;47.25984029135219;1;1;3
67210.17;1372;420;0;0;0;47.24030518840611;1;1;3
67220.329;1371;421;0;0;0;47.199788841114135;1;1;3
67230.813;1371;421;0;0;0;47.186453523657136;1;1;3
67240.849;1371;421;0;0;0;47.173695105288104;1;1;3
67250.87;1370;421;0;0;0;47.13987651627488;1;1;3
67261.004;1370;422;0;0;0;47.12052801006213;1;1;3
67271.081;1369;422;0;0;0;47.0866741850022;1;1;3
67311.754;1369;422;0;0;0;47.03517572499977;1;1;3
67342.43;1368;423;0;0;0;46.9688911867963;1;1;3
67362.78;1368;423;0;0;0;46.9432245326257;1;1;3
67372.635;1368;424;0;0;0;46.924300824817045;1;1;3
67382.776;1367;424;0;0;0;46.89052703646623;1;1;3
67392.602;1367;425;0;0;0;46.87164471454924;1;1;3
67403.114;1367;425;0;0;0;46.85842810816277;1;1;3
67413.218;1366;426;0;0;0;46.81821399723713;1;1;3
67423.551;1366;426;0;0;0;46.80524436485953;1;1;3
67433.323;1365;427;0;0;0;46.76546664284584;1;1;3
67443.748;1365;427;0;0;0;46.752403350768304;1;1;3
67463.765;1364;428;0;0;0;46.69982842356832;1;1;3
67484.36;1364;429;0;0;0;46.66750806753802;1;1;3
67504.545;1364;429;0;0;0;46.64230880936292;1;1;3
67524.952;1364;429;0;0;0;46.616860052459884;1;1;3
67534.914;1363;429;0;0;0;46.58353910943425;1;1;3
67565.275;1363;430;0;0;0;46.539183020853706;1;1;3
67697.521;1363;430;0;0;0;46.37538468811274;1;1;3
67981.235;1363;430;0;0;0;0;2;1;3
69230.431;1361;430;0;0;0;44.51759192562833;1;1;3
69240.413;1359;430;0;0;0;44.46627366052057;1;1;3
69250.727;1354;429;0;0;0;44.36110800560046;1;1;3
69260.78;1340;423;0;0;0;44.109088380009894;1;1;3
69270.906;1314;412;0;0;0;43.65286823193943;1;1;3
69280.886;1267;394;0;0;0;42.836316089661615;1;1;3
69291.079;1239;383;0;0;0;42.353609565961364;1;1;3
69301.129;1192;365;0;0;0;41.56009156051873;1;1;3
69311.76;1149;354;0;0;0;40.81553111663409;1;1;3
69321.768;1122;346;0;0;0;40.358338736586056;1;1;3
69331.825;1087;337;0;0;0;39.77017123728328;1;1;3
69342.096;1056;332;0;0;0;39.24056642705913;1;1;3
69352.31;1031;326;0;0;0;38.8288844072754;1;1;3
69362.09;1011;323;0;0;0;38.492474671624876;1;1;3
69372.56;987;319;0;0;0;38.097506248775375;1;1;3
69382.638;967;316;0;0;0;37.76977348887174;1;1;3
69392.871;951;314;0;0;0;37.506392679259285;1;1;3
69403.214;939;313;0;0;0;37.30543894952629;1;1;3
69412.902;927;312;0;0;0;37.10672262926576;1;1;3
